date,region,source,metric_type,value,day_of_week,is_weekend,month,year,week_of_year,day_of_year,lag_1,lag_7,lag_14,rolling_7_mean,rolling_7_std,rolling_30_mean,rolling_30_std,pct_change_1,zscore_30,city,isolation_flag,is_zscore_anomaly,is_anomaly
2020-05-11,Ile-de-France,idfm_station_daily,validations,843231.0,0,0,5,2020,20,132,118816.0,285107.0,237531.0,326086.71428571426,243448.49685535533,218426.76666666666,139406.05297288357,6.096948222461621,4.481901753970946,Paris,-1,True,True
2020-05-12,Ile-de-France,idfm_station_daily,validations,987643.0,1,0,5,2020,20,133,843231.0,306490.0,243901.0,423394.28571428574,347992.9040183646,248711.73333333334,195496.89107108553,0.17126030708074058,3.779759681180712,Paris,-1,True,True
2020-05-13,Ile-de-France,idfm_station_daily,validations,1002397.0,2,0,5,2020,20,134,987643.0,322902.0,248713.0,520465.0,405335.4055884658,278553.93333333335,237053.1490127739,0.01493859623365923,3.0535053834178827,Paris,-1,True,True
2021-08-22,Manhattan,mta_station_daily,ridership,379225.0,6,1,8,2021,33,234,898063.0,740418.0,702627.0,1057741.7142857143,324962.61546814884,1090987.3,242335.00700591353,-0.5777300701621155,-2.937100622786337,NYC,1,True,True
2021-08-22,Brooklyn,mta_station_daily,ridership,176563.0,6,1,8,2021,33,234,402412.0,350801.0,314510.0,487281.71428571426,150575.4992550427,505586.1666666667,114162.73138061259,-0.5612382334522827,-2.882054087946798,NYC,1,True,True
2024-07-01,Ile-de-France,idfm_station_daily,validations,771710.0,0,0,7,2024,27,183,3133180.0,5964368.0,5854328.0,4758400.571428572,2172544.813737402,5298298.7,1585303.0224909633,-0.753697521368067,-2.8553460352882176,Paris,-1,True,True
2015-03-21,Ile-de-France,idfm_station_daily,validations,62865.0,5,1,3,2015,12,80,5105504.0,3114302.0,3212564.0,4080656.8571428573,2214047.3444573125,4225561.233333333,1521109.602421108,-0.9876868179909368,-2.736618207332125,Paris,-1,True,True
2020-05-14,Ile-de-France,idfm_station_daily,validations,1034047.0,3,0,5,2020,20,135,1002397.0,336899.0,256207.0,620057.5714285715,437115.54127086507,305549.93333333335,273897.7900877263,0.03157431636367636,2.6597405785323693,Paris,-1,True,True
2021-08-22,Queens,mta_station_daily,ridership,121151.0,6,1,8,2021,33,234,260705.0,225740.0,199321.0,337698.85714285716,108344.98681438653,345476.2,85813.71994452388,-0.5352946817283903,-2.614094810771749,NYC,1,True,True
2024-07-02,Ile-de-France,idfm_station_daily,validations,769554.0,1,0,7,2024,27,184,771710.0,6413782.0,6425981.0,3952082.285714286,2481238.630784401,5227149.5,1737095.516904183,-0.002793795596791493,-2.5661199724608337,Paris,-1,True,True
2016-12-06,Ile-de-France,idfm_station_daily,validations,252137.0,1,0,12,2016,49,341,5837146.0,6065307.0,6082443.0,4232845.714285715,2324548.5842849715,4849743.033333333,1801184.8321450725,-0.956804746703269,-2.55254538639321,Paris,-1,True,True
2024-11-28,Manhattan,mta_station_daily,ridership,876120.0,3,0,11,2024,48,333,2049305.0,2438709.0,2443712.0,1773024.0,538859.4789992395,2019246.6,450479.2974135968,-0.5724794503502406,-2.5375785448148256,NYC,1,True,True
2021-12-25,Manhattan,mta_station_daily,ridership,443661.0,5,1,12,2021,51,359,794064.0,1046279.0,1327671.0,1064382.5714285714,361409.3112086079,1402691.0,378527.675258607,-0.4412780330048963,-2.533579610380664,NYC,1,True,True
2024-09-11,Ile-de-France,idfm_station_daily,validations,746348.0,2,0,9,2024,37,255,767240.0,801255.0,844556.0,788840.1428571428,28734.658258160358,823274.7,31070.002258181907,-0.027230071424847457,-2.4759154943331954,Paris,-1,False,True
2019-12-05,Ile-de-France,idfm_station_daily,validations,695373.0,3,0,12,2019,49,339,6517198.0,7000025.0,6888343.0,4860744.714285715,2501814.471036688,5473215.3,1949368.8951524755,-0.8933018453636057,-2.4509687786037477,Paris,-1,False,True
2015-11-29,Ile-de-France,idfm_station_daily,validations,50884.0,6,1,11,2015,48,333,3296814.0,1903686.0,1456990.0,4600064.714285715,2210638.174550337,4443566.933333334,1819900.154223092,-0.9845657049502944,-2.4136944673256275,Paris,-1,False,True
2020-05-15,Ile-de-France,idfm_station_daily,validations,1064127.0,4,0,5,2020,20,136,1034047.0,164504.0,98758.0,748575.1428571428,412405.7905171177,333626.0333333333,306277.1138789371,0.029089586836962056,2.385098113976004,Paris,-1,False,True
2015-03-22,Ile-de-France,idfm_station_daily,validations,25741.0,6,1,3,2015,12,81,62865.0,1799727.0,2051524.0,3827230.285714286,2588505.368822951,4069740.4,1699737.350071345,-0.5905352739998408,-2.3791907613433665,Paris,-1,False,True
2020-01-06,Ile-de-France,idfm_station_daily,validations,2895579.0,0,0,1,2020,2,6,695585.0,1358142.0,1505423.0,1335645.4285714286,859988.2661286222,1341112.8333333333,660706.8072122572,3.1627967825643166,2.3527321796872034,Paris,-1,False,True
2020-06-02,Ile-de-France,idfm_station_daily,validations,1942813.0,1,0,6,2020,23,154,982701.0,1397021.0,1210959.0,1286834.5714285714,409110.625032978,871698.3,466068.8799879334,0.9770133540110368,2.2981897011182797,Paris,-1,False,True
2016-12-07,Ile-de-France,idfm_station_daily,validations,154582.0,2,0,12,2016,49,342,252137.0,6043614.0,6075167.0,3391555.4285714286,2608323.9972907873,4660687.866666666,1983574.6047670792,-0.386912670492629,-2.271709798984745,Paris,-1,False,True
2023-12-25,Ile-de-France,idfm_station_daily,validations,1660780.0,0,0,12,2023,52,359,2176638.0,6162584.0,6147418.0,4628830.142857143,2128039.1014240813,5324220.933333334,1623168.7718968636,-0.23699760823802585,-2.2569685893181473,Paris,-1,False,True
2024-07-03,Ile-de-France,idfm_station_daily,validations,757375.0,2,0,7,2024,27,185,769554.0,6294453.0,6282228.0,3161071.1428571427,2492616.915972857,5052449.766666667,1911634.3608180927,-0.015826049893834626,-2.2468076817935883,Paris,-1,False,True
2020-11-01,Ile-de-France,idfm_station_daily,validations,477891.0,6,1,11,2020,44,306,882510.0,1544383.0,1707072.0,2736276.1428571427,1590329.0794619957,3397769.6333333333,1301538.5577141552,-0.4584865893870891,-2.243405403572069,Paris,-1,False,True
2020-01-07,Ile-de-France,idfm_station_daily,validations,3006474.0,1,0,1,2020,2,7,2895579.0,1043617.0,1127384.0,1616053.5714285714,1048289.5062288782,1426415.2666666666,705052.7710312243,0.03829803987389058,2.2410503131876327,Paris,-1,False,True
2020-01-13,Ile-de-France,idfm_station_daily,validations,3592475.0,0,0,1,2020,3,13,966762.0,2895579.0,1358142.0,2510461.285714286,946727.3817200764,1572644.1666666667,905408.9845513628,2.71598697507763,2.230849116583679,Paris,-1,False,True
2024-09-12,Ile-de-France,idfm_station_daily,validations,745544.0,3,0,9,2024,37,256,746348.0,785606.0,863898.0,783117.0,33138.344528205256,820578.8,34144.2843118469,-0.0010772454672619558,-2.197580107835663,Paris,-1,False,True
2020-05-18,Ile-de-France,idfm_station_daily,validations,1137442.0,0,0,5,2020,21,139,423820.0,843231.0,285107.0,911312.0,249767.37277430232,390945.9,340701.6524460191,1.6837855693454769,2.19105512004605,Paris,-1,False,True
2020-03-15,Ile-de-France,idfm_station_daily,validations,1037495.0,6,1,3,2020,11,75,2397351.0,2039026.0,1924174.0,4543024.142857143,1979867.2825305292,4650414.566666666,1653694.825696098,-0.5672327498142742,-2.184755923842153,Paris,-1,False,True
2024-09-13,Ile-de-France,idfm_station_daily,validations,736172.0,4,0,9,2024,37,257,745544.0,794312.0,846333.0,774811.2857142857,36933.52144923248,817068.8333333334,37198.23886693481,-0.012570686639554518,-2.1747490149390343,Paris,-1,False,True
2020-01-20,Ile-de-France,idfm_station_daily,validations,4987980.0,0,0,1,2020,4,20,1578213.0,3592475.0,2895579.0,3670776.4285714286,1200035.6212200338,2040804.5,1366334.6237099082,2.1605239596936534,2.156993937544926,Paris,-1,False,True
2020-12-25,Ile-de-France,idfm_station_daily,validations,815634.0,4,0,12,2020,52,360,2137688.0,3373968.0,3168033.0,2093827.2857142857,747437.2934379501,2527866.933333333,797795.8229888338,-0.6184504006197349,-2.1462044347621236,Paris,-1,False,True
2024-09-10,Ile-de-France,idfm_station_daily,validations,767240.0,1,0,9,2024,37,254,784116.0,815270.0,860429.0,796684.0,21878.251455214297,826244.6,27518.51791460718,-0.021522325778328688,-2.1441779743770133,Paris,-1,False,True
2015-11-30,Ile-de-France,idfm_station_daily,validations,128498.0,0,0,11,2015,49,334,50884.0,5561682.0,5355810.0,3823895.5714285714,2713382.211083115,4341975.133333334,1971811.4069542093,1.5253124754343212,-2.13685604945442,Paris,-1,False,True
2020-05-19,Ile-de-France,idfm_station_daily,validations,1210959.0,1,0,5,2020,21,140,1137442.0,987643.0,306490.0,943214.2857142857,274207.9670696732,428552.43333333335,366778.52507561265,0.06463362527495908,2.1331853235010714,Paris,-1,False,True
2020-03-17,Ile-de-France,idfm_station_daily,validations,803177.0,1,0,3,2020,12,77,2033263.0,5872581.0,6101983.0,3295926.4285714286,2229589.6612339374,4571142.5,1779474.230065061,-0.6049812542696149,-2.117459998205333,Paris,-1,False,True
2020-06-09,Ile-de-France,idfm_station_daily,validations,2318976.0,1,0,6,2020,24,161,2134743.0,1942813.0,1397021.0,1850555.4285714286,487608.90903218446,1246011.8,506749.1240307834,0.08630219187977195,2.1173479126425105,Paris,-1,False,True
2015-03-23,Ile-de-France,idfm_station_daily,validations,106469.0,0,0,3,2015,13,82,25741.0,5199540.0,5187265.0,3099648.714285714,2841870.459700837,3983944.066666667,1832093.3373733605,3.136164096188959,-2.1164178634183197,Paris,-1,False,True
2020-06-03,Ile-de-France,idfm_station_daily,validations,1958824.0,2,0,6,2020,23,155,1942813.0,1417138.0,1229345.0,1364218.2857142857,482511.166545565,927488.8666666667,492837.0067133159,0.008241143125972572,2.092649535819583,Paris,-1,False,True
2020-03-18,Ile-de-France,idfm_station_daily,validations,388708.0,2,0,3,2020,12,78,803177.0,5753332.0,5911608.0,2529551.5714285714,2165186.0675316663,4426210.3,1935730.5038265812,-0.5160369383087414,-2.085777070733041,Paris,-1,False,True
2022-09-05,Ile-de-France,idfm_station_daily,validations,5174439.0,0,0,9,2022,36,248,2269064.0,4015036.0,3423457.0,4123860.1428571427,1019398.5469666935,3232318.2333333334,938411.735943394,1.2804288464318327,2.069582777238218,Paris,-1,False,True
2024-07-30,Ile-de-France,idfm_station_daily,validations,883997.0,1,0,7,2024,31,212,897285.0,849398.0,828178.0,858398.8571428572,26726.29652391974,810300.1333333333,35986.417297096836,-0.01480911861894496,2.0479078552955063,Paris,-1,False,True
2021-09-06,Ile-de-France,idfm_station_daily,validations,4575604.0,0,0,9,2021,36,249,2047328.0,3477347.0,3013940.0,3727565.0,928076.6029076814,2892121.8666666667,823924.0240292872,1.2349149721002202,2.043249236865913,Paris,-1,False,True
2016-12-08,Ile-de-France,idfm_station_daily,validations,134360.0,3,0,12,2016,49,343,154582.0,5851551.0,6226055.0,2574813.8571428573,2604752.091083371,4461771.033333333,2128023.9611453125,-0.1308173008500343,-2.0335349189415615,Paris,-1,False,True
2024-08-01,Ile-de-France,idfm_station_daily,validations,899838.0,3,0,8,2024,31,214,888077.0,835336.0,804967.0,874680.7142857143,26154.73061699294,818521.8333333334,40019.21044011018,0.01324322102700548,2.031928310738625,Paris,-1,False,True
2020-06-04,Ile-de-France,idfm_station_daily,validations,2037945.0,3,0,6,2020,23,156,1958824.0,1433129.0,677738.0,1450620.5714285714,546779.0030730381,985204.0333333333,518329.6500714817,0.04039209239829611,2.0310259436663243,Paris,-1,False,True
2020-01-08,Ile-de-France,idfm_station_daily,validations,3011748.0,2,0,1,2020,2,8,3006474.0,256883.0,341569.0,2009605.7142857143,966945.4142550535,1470071.8,761034.0145499937,0.0017542144053133146,2.0257651701831056,Paris,-1,False,True
2017-12-25,Ile-de-France,idfm_station_daily,validations,1374046.0,0,0,12,2017,52,359,1793264.0,6033729.0,5973250.0,4411087.285714285,2267481.752831304,5017440.433333334,1799681.0263193937,-0.2337737221067283,-2.024466769416689,Paris,-1,False,True
2024-07-04,Ile-de-France,idfm_station_daily,validations,763209.0,3,0,7,2024,27,186,757375.0,6404787.0,6481383.0,2355131.4285714286,2158707.679438123,4860472.533333333,2043550.2949644178,0.007702921274137742,-2.004973179974841,Paris,-1,False,True
2024-08-02,Ile-de-France,idfm_station_daily,validations,906384.0,4,0,8,2024,31,215,899838.0,825886.0,797141.0,886180.4285714285,17334.405980472715,823488.8,41391.853809523265,0.0072746427690317805,2.002693582690606,Paris,-1,False,True
2020-03-14,Manhattan,mta_station_daily,ridership,770046.0,5,1,3,2020,11,74,1698839.0,1510758.0,1577710.0,1926972.142857143,746946.8301386256,2356677.1666666665,792765.8062170945,-0.546722202633681,-2.0013869849378647,NYC,-1,False,True
2023-09-04,Ile-de-France,idfm_station_daily,validations,5031566.0,0,0,9,2023,36,247,2347316.0,4114831.0,3537310.0,4101206.4285714286,941433.0858196748,3274416.1333333333,887450.7346587838,1.1435401113441905,1.9799970838294183,Paris,-1,False,True
2023-03-07,Ile-de-France,idfm_station_daily,validations,2035534.0,1,0,3,2023,10,66,5845506.0,5197561.0,5619852.0,4195928.0,1476365.7387440752,4745889.633333334,1372172.9996982443,-0.651777964131762,-1.9752288041882258,Paris,-1,False,True
2020-05-20,Ile-de-France,idfm_station_daily,validations,1229345.0,2,0,5,2020,21,141,1210959.0,1002397.0,322902.0,975635.4285714285,295000.09426133777,462132.3,392429.3760334245,0.015183007847499486,1.9550338146312827,Paris,-1,False,True
2016-09-05,Ile-de-France,idfm_station_daily,validations,5119980.0,0,0,9,2016,36,249,1791273.0,3865233.0,3497504.0,3925944.1428571427,1220389.6410233802,3097492.2333333334,1036093.1952088085,1.8582912822333615,1.952032670438556,Paris,-1,False,True
2018-12-25,Ile-de-France,idfm_station_daily,validations,1484342.0,1,0,12,2018,52,359,2991819.0,6389847.0,5873893.0,4073123.1428571427,2119419.399439027,4984196.333333333,1792942.8158126753,-0.5038663769432576,-1.9520167082110633,Paris,-1,False,True
2024-07-31,Ile-de-France,idfm_station_daily,validations,888077.0,2,0,7,2024,31,213,883997.0,838606.0,819891.0,865466.1428571428,27157.499987142026,814179.0333333333,37903.83080814585,0.004615400278507709,1.949617362970747,Paris,-1,False,True
2019-12-07,Ile-de-France,idfm_station_daily,validations,782308.0,5,1,12,2019,49,341,1301600.0,4138408.0,3954505.0,3561300.714285714,2879750.9455639673,5093127.233333333,2212911.3993564267,-0.3989643515673018,-1.94803065074681,Paris,-1,False,True
2024-09-14,Ile-de-France,idfm_station_daily,validations,736718.0,5,1,9,2024,37,258,736172.0,807937.0,835108.0,764637.1428571428,36087.170456341,814474.7666666667,39989.45819382905,0.000741674499981082,-1.944431612195879,Paris,-1,False,True
2020-06-05,Ile-de-France,idfm_station_daily,validations,2086482.0,4,0,6,2020,23,157,2037945.0,1465776.0,1088877.0,1539292.857142857,597613.9108658743,1043990.0333333333,540172.3390632061,0.023816638819987856,1.9299247504502144,Paris,-1,False,True
2020-06-10,Ile-de-France,idfm_station_daily,validations,2330039.0,2,0,6,2020,24,162,2318976.0,1958824.0,1417138.0,1903586.142857143,520427.9175371768,1295572.0666666667,537755.2822165432,0.004770640144615479,1.9236760056905855,Paris,-1,False,True
2019-12-06,Ile-de-France,idfm_station_daily,validations,1301600.0,4,0,12,2019,49,340,695373.0,7041608.0,6960768.0,4040743.5714285714,2606369.991360069,5296278.266666667,2079229.6643342935,0.871801177209929,-1.9212299320217914,Paris,-1,False,True
2020-06-08,Ile-de-France,idfm_station_daily,validations,2134743.0,0,0,6,2020,24,160,892769.0,982701.0,1296391.0,1796817.857142857,446365.73768463236,1172673.1333333333,505316.79932342964,1.391148214151701,1.903894483529511,Paris,-1,False,True
2019-12-08,Ile-de-France,idfm_station_daily,validations,447401.0,6,1,12,2019,49,342,782308.0,2416588.0,2631429.0,3279988.285714286,3098113.4180325335,4883155.1,2345491.609848287,-0.4281012082197805,-1.8911831026702828,Paris,-1,False,True
2020-03-19,Ile-de-France,idfm_station_daily,validations,356759.0,3,0,3,2020,12,79,388708.0,5795402.0,6068613.0,1752602.5714285714,1730023.3398544716,4260961.0,2064621.0779712053,-0.08219280282371344,-1.8910017153542065,Paris,-1,False,True
2015-11-14,Ile-de-France,idfm_station_daily,validations,1648622.0,5,1,11,2015,46,318,5733268.0,3383541.0,3176252.0,4204354.571428572,1979411.3463742933,4510334.366666666,1515980.7373773367,-0.7124463743889174,-1.887697050569033,Paris,-1,False,True
2023-01-31,Ile-de-France,idfm_station_daily,validations,2041853.0,1,0,1,2023,5,31,5858068.0,6277736.0,6435026.0,4699575.0,1786936.5982287568,4935102.966666667,1536942.933722424,-0.6514460057479701,-1.8824706520881116,Paris,-1,False,True
2021-01-01,Ile-de-France,idfm_station_daily,validations,747621.0,4,0,1,2021,53,1,1846307.0,815634.0,3373968.0,1650894.7142857143,616045.4726044994,2364397.9,863309.5258741311,-0.595072217133987,-1.8727661997740113,Paris,-1,False,True
2020-05-07,Ile-de-France,idfm_station_daily,validations,336899.0,3,0,5,2020,19,128,322902.0,256207.0,234523.0,226343.42857142858,110365.58654086907,199368.63333333333,73763.45365458187,0.04334751720336194,1.8644784083821686,Paris,-1,False,True
2020-05-06,Ile-de-France,idfm_station_daily,validations,322902.0,2,0,5,2020,19,127,306490.0,248713.0,234318.0,214816.0,100683.08647545535,194964.2,69063.4202739963,0.053548239746810555,1.852468347099384,Paris,-1,False,True
2015-09-07,Ile-de-France,idfm_station_daily,validations,5039625.0,0,0,9,2015,37,250,1768519.0,3495608.0,3197424.0,4129347.0,1315745.747255654,3023807.1666666665,1091920.1078459069,1.8496301142368274,1.8461220915787075,Paris,-1,False,True
2020-09-07,Ile-de-France,idfm_station_daily,validations,4121250.0,0,0,9,2020,37,251,1588958.0,3093394.0,2808672.0,3382181.5714285714,975522.0320762986,2551215.7666666666,850995.5679270296,1.5936808902437951,1.8449382023902143,Paris,-1,False,True
2016-12-09,Ile-de-France,idfm_station_daily,validations,123277.0,4,0,12,2016,49,344,134360.0,6028377.0,6246921.0,1731228.142857143,2228971.261771494,4267085.633333334,2249561.9768932885,-0.08248734742482877,-1.8420513308355504,Paris,-1,False,True
2024-08-18,Ile-de-France,idfm_station_daily,validations,784268.0,6,1,8,2024,33,231,792488.0,840559.0,885490.0,820406.4285714285,24491.62893775877,854938.6666666666,38389.79342704022,-0.010372396806008433,-1.8408712409712804,Paris,-1,False,True
2024-09-21,Ile-de-France,idfm_station_daily,validations,702412.0,5,1,9,2024,38,265,729170.0,736718.0,807937.0,738335.4285714285,27240.64156769215,793355.8333333334,49704.06937105581,-0.03669651795877504,-1.8297059875401818,Paris,-1,False,True
2024-09-05,Ile-de-France,idfm_station_daily,validations,785606.0,3,0,9,2024,36,249,801255.0,863898.0,851751.0,821559.8571428572,21802.244140196763,839279.9333333333,29338.26509864334,-0.019530611353439253,-1.8294855934005225,Paris,-1,False,True
2015-11-15,Ile-de-France,idfm_station_daily,validations,1456990.0,6,1,11,2015,46,319,1648622.0,2056740.0,1897927.0,4118676.0,2097331.387209551,4361653.666666667,1590137.6967017087,-0.1162376821369604,-1.8266743016605234,Paris,-1,False,True
2020-11-08,Ile-de-France,idfm_station_daily,validations,502146.0,6,1,11,2020,45,313,938094.0,477891.0,1544383.0,1911365.0,825320.6304517465,2937479.6666666665,1337602.489449466,-0.46471675546373814,-1.8206707043951507,Paris,-1,False,True
2017-09-04,Ile-de-France,idfm_station_daily,validations,4852188.0,0,0,9,2017,36,247,1854485.0,3885387.0,3453042.0,3763475.5714285714,1093804.7344757898,3083761.2,973150.5331863571,1.616461173856893,1.8172181380918468,Paris,-1,False,True
2024-07-05,Ile-de-France,idfm_station_daily,validations,770248.0,4,0,7,2024,27,187,763209.0,6060520.0,6820449.0,1599378.2857142857,1457390.6132713228,4671649.3,2151889.1717297314,0.009222899625135339,-1.8130121900580853,Paris,-1,False,True
2024-04-01,Ile-de-France,idfm_station_daily,validations,2524591.0,0,0,4,2024,14,92,2577697.0,6161214.0,6090756.0,4970229.142857143,1919399.3825343272,5350916.266666667,1562626.6816809818,-0.02060211110925758,-1.8087015278827008,Paris,-1,False,True
2020-05-26,Ile-de-France,idfm_station_daily,validations,1397021.0,1,0,5,2020,22,147,1296391.0,1210959.0,987643.0,997892.8571428572,339949.284858378,615415.5,432288.53192213766,0.0776231862146528,1.8080643882100027,Paris,-1,False,True
2018-09-03,Ile-de-France,idfm_station_daily,validations,4827417.0,0,0,9,2018,36,246,1900809.0,3931012.0,3354867.0,3803219.5714285714,1093562.2830189478,3119452.0,946488.9434679851,1.5396644270939372,1.8045271545824155,Paris,-1,False,True
2024-05-01,Ile-de-France,idfm_station_daily,validations,2777071.0,2,0,5,2024,18,122,6556958.0,6422376.0,5453167.0,5054203.857142857,1721693.6871133114,5163320.133333334,1323228.316308442,-0.576469606790222,-1.803354042475844,Paris,-1,False,True
2020-05-05,Ile-de-France,idfm_station_daily,validations,306490.0,1,0,5,2020,19,126,285107.0,243901.0,233012.0,204217.57142857142,90831.93253573381,191032.8,64751.80273042104,0.07499991231362269,1.7830731366766577,Paris,-1,False,True
2024-09-09,Ile-de-France,idfm_station_daily,validations,784116.0,0,0,9,2024,37,253,836322.0,836568.0,877836.0,803545.4285714285,18352.489232356205,828688.5666666667,25260.68640537306,-0.06242332498726566,-1.76450338487975,Paris,-1,False,True
2020-05-25,Ile-de-France,idfm_station_daily,validations,1296391.0,0,0,5,2020,22,146,514324.0,1137442.0,843231.0,971312.5714285715,309446.1243752533,571715.6,416528.57810438937,1.5205726351482722,1.7397975507418453,Paris,-1,False,True
2020-03-20,Ile-de-France,idfm_station_daily,validations,347788.0,4,0,3,2020,12,80,356759.0,5251465.0,5988616.0,1052077.2857142857,842041.2196166443,4096433.3333333335,2174080.54816841,-0.025145826734574328,-1.724243996613392,Paris,-1,False,True
2016-12-16,Ile-de-France,idfm_station_daily,validations,191483.0,4,0,12,2016,50,351,6212748.0,123277.0,6028377.0,4287937.0,2386940.1150549813,4207025.533333333,2337060.1889787754,-0.9691790170790767,-1.7182024460773533,Paris,-1,False,True
2019-09-02,Ile-de-France,idfm_station_daily,validations,5185890.0,0,0,9,2019,36,245,2109344.0,4255421.0,3725252.0,4133491.714285714,1147987.99388869,3431342.2666666666,1026602.5082729501,1.4585321313166557,1.7090818687799654,Paris,-1,False,True
2024-09-18,Ile-de-France,idfm_station_daily,validations,729376.0,2,0,9,2024,38,262,737397.0,746348.0,801255.0,746837.2857142857,20453.9525594871,806207.0333333333,45132.49834464117,-0.01087745135930851,-1.7023439018738897,Paris,-1,False,True
2020-05-27,Ile-de-France,idfm_station_daily,validations,1417138.0,2,0,5,2020,22,148,1397021.0,1229345.0,1002397.0,1024720.4285714285,367548.5144642354,654735.7333333333,450015.62115778675,0.014399926701173404,1.6941684484311477,Paris,-1,False,True
2024-09-17,Ile-de-France,idfm_station_daily,validations,737397.0,1,0,9,2024,38,261,752634.0,767240.0,815270.0,749261.8571428572,18992.885190969184,809644.2,42953.36106550125,-0.020244899911510794,-1.681991774516257,Paris,-1,False,True
2015-01-11,Ile-de-France,idfm_station_daily,validations,44823.0,6,1,1,2015,2,11,2892323.0,1596997.0,,4085488.285714286,1971056.008927593,3289150.090909091,1940588.0103520404,-0.9845027681901365,-1.671826824448194,Paris,-1,False,True
2024-08-17,Ile-de-France,idfm_station_daily,validations,792488.0,5,1,8,2024,33,230,848212.0,862098.0,891723.0,828448.0,19349.89813254004,855367.7666666667,37637.203843910414,-0.0656958401908957,-1.670681141124156,Paris,-1,False,True
2023-01-19,Ile-de-France,idfm_station_daily,validations,1623296.0,3,0,1,2023,3,19,6310482.0,6302649.0,5923312.0,4737747.0,1937719.553551897,4344323.466666667,1637701.6590360773,-0.742761963349234,-1.661491549241158,Paris,-1,False,True
2020-11-07,Ile-de-France,idfm_station_daily,validations,938094.0,5,1,11,2020,45,312,2424508.0,882510.0,2410170.0,1907900.0,832244.9893146058,3073225.2,1287639.5334023878,-0.6130786122380294,-1.6581746246624218,Paris,-1,False,True
2018-04-02,Ile-de-France,idfm_station_daily,validations,2052412.0,0,0,4,2018,14,92,1858895.0,5931999.0,5849528.0,4503902.571428572,2075939.3810962518,4929775.7,1739228.2375547658,0.10410324413159433,-1.6543910901799606,Paris,-1,False,True
2024-07-06,Ile-de-France,idfm_station_daily,validations,792101.0,5,1,7,2024,27,188,770248.0,4230372.0,4078678.0,1108196.7142857143,892998.4823195369,4475954.5,2230083.7004518197,0.028371381684859864,-1.6518902403769165,Paris,-1,False,True
2020-03-21,Ile-de-France,idfm_station_daily,validations,193821.0,5,1,3,2020,12,81,347788.0,2397351.0,3318147.0,737287.2857142857,643867.7102895259,3923788.2666666666,2272612.7296065236,-0.4427036010443144,-1.6412683155710683,Paris,-1,False,True
2020-04-19,Ile-de-France,idfm_station_daily,validations,82763.0,6,1,4,2020,16,110,131665.0,79094.0,76178.0,172468.42857142858,62701.543073849985,189879.53333333333,65513.6285982068,-0.37141229635818174,-1.6350267207801288,Paris,-1,False,True
2022-11-10,Ile-de-France,idfm_station_daily,validations,2548092.0,3,0,11,2022,45,314,6292843.0,5391417.0,5751183.0,4640822.142857143,1738305.8593131693,4882514.5,1432363.0817075067,-0.595080951487269,-1.6297700840049276,Paris,-1,False,True
2016-12-17,Ile-de-France,idfm_station_daily,validations,62685.0,5,1,12,2016,50,352,191483.0,3414346.0,3449275.0,3809128.285714286,2877200.242459198,4002328.1333333333,2423490.284526003,-0.6726341241781255,-1.6256071495264386,Paris,-1,False,True
2016-03-28,Ile-de-France,idfm_station_daily,validations,1949967.0,0,0,3,2016,13,88,1855198.0,5652031.0,5645149.0,4274997.142857143,1929498.6672648503,4506237.1,1576330.6102502362,0.05108295718300693,-1.6216586059914182,Paris,-1,False,True
2019-04-22,Ile-de-France,idfm_station_daily,validations,2379409.0,0,0,4,2019,17,112,2105207.0,6223700.0,6137260.0,4800755.142857143,2127568.5720867277,5193701.5,1745681.5620043164,0.13024942440339604,-1.6121453999713158,Paris,-1,False,True
2024-09-19,Ile-de-France,idfm_station_daily,validations,727339.0,3,0,9,2024,38,263,729376.0,745544.0,785606.0,744236.5714285715,21761.393973882525,802000.6666666666,46431.71764101046,-0.0027927982275259833,-1.607988471241096,Paris,-1,False,True
2020-06-15,Ile-de-France,idfm_station_daily,validations,2439948.0,0,0,6,2020,25,167,1008371.0,2134743.0,982701.0,2073707.142857143,529455.2205790599,1463872.5,607892.7182549239,1.419692751973232,1.6056706564967869,Paris,-1,False,True
2020-04-26,Ile-de-France,idfm_station_daily,validations,86024.0,6,1,4,2020,17,117,138108.0,82763.0,79094.0,197051.14285714287,60123.28875485527,179066.76666666666,58262.69103688411,-0.37712514843455847,-1.5969527842056674,Paris,-1,False,True
2020-05-28,Ile-de-France,idfm_station_daily,validations,1433129.0,3,0,5,2020,22,149,1417138.0,677738.0,1034047.0,1132633.4285714286,359498.65771775757,694376.6666666666,464716.32099250954,0.011284010449229331,1.5896845020539763,Paris,-1,False,True
2020-05-04,Ile-de-France,idfm_station_daily,validations,285107.0,0,0,5,2020,19,125,89512.0,237531.0,221949.0,195276.2857142857,81708.97394081975,183355.73333333334,64242.059007834796,2.1851260166234696,1.5838730613266512,Paris,-1,False,True
2024-09-25,Ile-de-France,idfm_station_daily,validations,702709.0,2,0,9,2024,39,269,734143.0,729376.0,746348.0,733151.8571428572,32597.165953647174,780533.3666666667,49139.54398060624,-0.042817271294557036,-1.58374214252744,Paris,-1,False,True
2020-11-15,Ile-de-France,idfm_station_daily,validations,524520.0,6,1,11,2020,46,320,1000210.0,502146.0,477891.0,1738492.142857143,920028.6815323052,2429022.5,1230006.3893561866,-0.4755901260735246,-1.5483679731101723,Paris,-1,False,True
2024-08-25,Ile-de-France,idfm_station_daily,validations,804888.0,6,1,8,2024,34,238,821600.0,784268.0,840559.0,836704.0,18509.512205175863,858459.6,34688.479310953975,-0.020340798442064267,-1.544362885434504,Paris,-1,False,True
2020-06-22,Ile-de-France,idfm_station_daily,validations,2795910.0,0,0,6,2020,26,174,1229439.0,2439948.0,2134743.0,2337650.1428571427,580139.5166872323,1790999.7,652276.3235214163,1.274134788305886,1.5406205372821655,Paris,-1,False,True
2020-03-22,Ile-de-France,idfm_station_daily,validations,122685.0,6,1,3,2020,12,82,193821.0,1037495.0,2039026.0,606600.1428571428,665263.2515092889,3749351.8666666667,2358135.167124435,-0.36701905366291576,-1.537938502095751,Paris,-1,False,True
2024-08-03,Ile-de-France,idfm_station_daily,validations,891723.0,5,1,8,2024,31,216,906384.0,857580.0,781289.0,891058.0,11896.01086122809,827772.6,41587.8815158357,-0.01617526346449183,1.5377171827242315,Paris,-1,False,True
2020-01-27,Ile-de-France,idfm_station_daily,validations,5317190.0,0,0,1,2020,5,27,1824140.0,4987980.0,3592475.0,4334744.142857143,1465930.8292799795,2825471.566666667,1622575.7320747923,1.9149023649500587,1.5356561694332538,Paris,-1,False,True
2020-05-29,Ile-de-France,idfm_station_daily,validations,1465776.0,4,0,5,2020,22,150,1433129.0,1088877.0,1064127.0,1186476.142857143,379519.82646724547,734945.4333333333,477419.1606501974,0.022780224250573466,1.5307943771493129,Paris,-1,False,True
2020-11-11,Ile-de-France,idfm_station_daily,validations,775634.0,2,0,11,2020,46,316,2528508.0,2349471.0,3915322.0,1723183.2857142857,930295.7345386646,2831516.3333333335,1347434.5680356734,-0.6932443955091303,-1.52577526367789,Paris,-1,False,True
2024-07-07,Ile-de-France,idfm_station_daily,validations,795119.0,6,1,7,2024,27,189,792101.0,3133180.0,3091834.0,774188.0,14173.542126184571,4293644.733333333,2301257.4541466334,0.0038101201740687873,-1.520266985786116,Paris,-1,False,True
2020-03-16,Ile-de-France,idfm_station_daily,validations,2033263.0,0,0,3,2020,12,76,1037495.0,5693543.0,5694301.0,4020127.0,2104776.4781604875,4613164.066666666,1700562.1303658825,0.959781010992824,-1.517087215220764,Paris,-1,False,True
2024-09-06,Ile-de-France,idfm_station_daily,validations,794312.0,4,0,9,2024,36,250,785606.0,846333.0,853492.0,814128.2857142857,20793.293918396525,836084.8,28820.333523568763,0.011081890922421733,-1.4494211167209077,Paris,-1,False,True
2024-09-20,Ile-de-France,idfm_station_daily,validations,729170.0,4,0,9,2024,38,264,727339.0,736172.0,794312.0,743236.2857142857,22346.92323278933,798333.8,47720.504865480325,0.002517395602325667,-1.4493518078856538,Paris,-1,False,True
2020-05-22,Ile-de-France,idfm_station_daily,validations,1088877.0,4,0,5,2020,21,143,677738.0,1064127.0,164504.0,928269.8571428572,315375.36200172745,505441.8,404485.68987227045,0.6066341270520466,1.4424124625626153,Paris,-1,False,True
2020-03-16,Manhattan,mta_station_daily,ridership,1002152.0,0,0,3,2020,12,76,518070.0,2663323.0,2921406.0,1599951.2857142857,845302.3791120951,2253002.6333333333,869458.3588620767,0.9343949659312447,-1.4386550207768576,NYC,-1,False,True
2020-11-22,Ile-de-France,idfm_station_daily,validations,569061.0,6,1,11,2020,47,327,1076037.0,524520.0,502146.0,2030281.2857142857,838516.4815566702,2095648.5,1066663.8582266932,-0.4711510849533984,-1.4311795494204897,Paris,-1,False,True
2024-09-16,Ile-de-France,idfm_station_daily,validations,752634.0,0,0,9,2024,38,260,790020.0,784116.0,836568.0,753525.1428571428,19233.597675533376,811206.5666666667,41044.89111324385,-0.04732285258601043,-1.4270367170682343,Paris,-1,False,True
2024-09-04,Ile-de-France,idfm_station_daily,validations,801255.0,2,0,9,2024,36,248,815270.0,844556.0,839176.0,832744.4285714285,20315.031906423515,843018.8,29409.32129731015,-0.017190623965066765,-1.420087175008009,Paris,-1,False,True
2020-05-03,Ile-de-France,idfm_station_daily,validations,89512.0,6,1,5,2020,18,124,144736.0,86024.0,82763.0,188479.7142857143,74666.69103731173,177846.86666666667,62271.53967324647,-0.381549856290073,-1.418543160008258,Paris,-1,False,True
2020-05-01,Ile-de-France,idfm_station_daily,validations,98758.0,4,0,5,2020,18,122,256207.0,231424.0,221639.0,187034.57142857142,76116.61165283795,183426.46666666667,59795.19141404255,-0.6145382444663885,-1.415974506718993,Paris,-1,False,True
2024-07-08,Ile-de-France,idfm_station_daily,validations,796334.0,0,0,7,2024,28,190,795119.0,771710.0,5964368.0,777705.7142857143,16345.337836043338,4172095.3,2387781.3413995146,0.0015280731563451777,-1.4137648374542602,Paris,-1,False,True
2024-08-05,Ile-de-France,idfm_station_daily,validations,894780.0,0,0,8,2024,32,218,885490.0,897285.0,832032.0,892898.4285714285,8086.06464004337,835036.6333333333,42269.156700939566,0.010491366362127108,1.4134033259608114,Paris,-1,False,True
2019-09-13,Ile-de-France,idfm_station_daily,validations,1894964.0,4,0,9,2019,37,256,6219357.0,6121114.0,4820706.0,4628780.0,1997526.440490174,4074652.6333333333,1546896.5388471063,-0.6953119108615248,-1.409072021686624,Paris,-1,False,True
2022-08-29,Ile-de-France,idfm_station_daily,validations,4015036.0,0,0,8,2022,35,241,2022790.0,3423457.0,1841687.0,3403679.285714286,736431.0614924318,3011361.7333333334,714249.5465412512,0.9849000637733032,1.4052151261795722,Paris,-1,False,True
2024-08-06,Ile-de-France,idfm_station_daily,validations,897772.0,1,0,8,2024,32,219,894780.0,883997.0,849398.0,894866.2857142857,7184.655917217198,838458.4,43073.642154147536,0.0033438387089563815,1.3770277374672553,Paris,-1,False,True
2020-03-23,Ile-de-France,idfm_station_daily,validations,307145.0,0,0,3,2020,13,83,122685.0,2033263.0,5693543.0,360011.85714285716,217607.1226332087,3650247.7666666666,2439596.788945033,1.5035252883400578,-1.3703505357179704,Paris,-1,False,True
2024-07-09,Ile-de-France,idfm_station_daily,validations,783613.0,1,0,7,2024,28,191,796334.0,769554.0,6413782.0,779714.1428571428,16037.60941909002,4094427.8666666667,2460193.4434551634,-0.015974452930554217,-1.3457538777994902,Paris,-1,False,True
2019-12-15,Ile-de-France,idfm_station_daily,validations,597135.0,6,1,12,2019,50,349,994917.0,447401.0,2416588.0,1539574.7142857143,533312.0177984016,4047995.3333333335,2572014.6576775676,-0.3998142558625494,-1.341695438255912,Paris,-1,False,True
2015-09-14,Ile-de-France,idfm_station_daily,validations,5256168.0,0,0,9,2015,38,257,1780433.0,5039625.0,3495608.0,4453878.714285715,1511454.432132809,3477503.8666666667,1335530.1091144904,1.9521852268521198,1.3318038441773943,Paris,-1,False,True
2024-09-28,Ile-de-France,idfm_station_daily,validations,706634.0,5,1,9,2024,39,272,725957.0,702412.0,736718.0,731905.1428571428,32574.830921170815,766577.0666666667,45162.86800662565,-0.02661727898484345,-1.3272643946764555,Paris,-1,False,True
2020-03-24,Ile-de-France,idfm_station_daily,validations,287185.0,1,0,3,2020,13,84,307145.0,803177.0,5872581.0,286298.71428571426,95734.15812619237,3588702.6666666665,2501678.6844210606,-0.06498559312376895,-1.319720908694837,Paris,-1,False,True
2020-01-18,Manhattan,mta_station_daily,ridership,1430615.0,5,1,1,2020,3,18,2979694.0,1630367.0,1526177.0,2524634.285714286,818046.146781813,2444440.888888889,771653.7338463708,-0.5198785512874812,-1.313835266286332,NYC,-1,False,True
2020-03-07,Manhattan,mta_station_daily,ridership,1510758.0,5,1,3,2020,10,67,2898784.0,1577710.0,1604252.0,2520682.1428571427,798793.3122759663,2519417.466666667,772926.5739198194,-0.47883043372669365,-1.3049874343837755,NYC,-1,False,True
2021-05-03,Ile-de-France,idfm_station_daily,validations,3189545.0,0,0,5,2021,18,123,1175936.0,2705718.0,2549982.0,2447919.4285714286,827668.6729025331,2270510.3,706264.7418967293,1.7123457399042126,1.301260908950177,Paris,-1,False,True
2024-08-04,Ile-de-France,idfm_station_daily,validations,885490.0,6,1,8,2024,31,217,891723.0,870102.0,788753.0,893256.2857142857,8237.23167385121,831614.0,41413.19663863675,-0.006989838772802792,1.3009379708142594,Paris,-1,False,True
2019-09-16,Ile-de-France,idfm_station_daily,validations,6211411.0,0,0,9,2019,38,259,2416417.0,6022711.0,5185890.0,4694042.714285715,1987440.2723108227,4243012.633333334,1519801.3499089095,1.5705045941987663,1.2951681920697358,Paris,-1,False,True
2019-12-09,Ile-de-France,idfm_station_daily,validations,1702052.0,0,0,12,2019,50,343,447401.0,6381609.0,6520539.0,2611480.1428571427,2808657.7581050685,4815477.533333333,2408292.567100496,2.804309780264237,-1.2927937310713846,Paris,-1,False,True
2019-12-10,Ile-de-France,idfm_station_daily,validations,1670524.0,1,0,12,2019,50,344,1702052.0,6834429.0,6822077.0,1873779.4285714286,2104520.3498943066,4789218.633333334,2438979.7050859616,-0.018523523370613804,-1.278688226404662,Paris,-1,False,True
2020-01-25,Manhattan,mta_station_daily,ridership,1438101.0,5,1,1,2020,4,25,2996814.0,1430615.0,1630367.0,2360650.5714285714,845088.9396800902,2420979.6,775754.4193480841,-0.5201233710200233,-1.2669971004818452,NYC,-1,False,True
2020-08-31,Ile-de-France,idfm_station_daily,validations,3093394.0,0,0,8,2020,36,244,1369822.0,2808672.0,2161271.0,2679644.5714285714,700372.3239500892,2308680.933333333,626114.1601345494,1.258245231862242,1.2533066917030518,Paris,-1,False,True
2024-07-10,Ile-de-France,idfm_station_daily,validations,796645.0,2,0,7,2024,28,192,783613.0,757375.0,6294453.0,785324.1428571428,13604.787241249194,3924548.7666666666,2507221.8428373807,0.01663065824584331,-1.247557640582323,Paris,-1,False,True
2020-03-25,Ile-de-France,idfm_station_daily,validations,275915.0,2,0,3,2020,13,85,287185.0,388708.0,5753332.0,270185.4285714286,84452.02590728438,3403341.6,2535156.8543680287,-0.03924299667461739,-1.233622525017141,Paris,-1,False,True
2020-02-15,Manhattan,mta_station_daily,ridership,1543089.0,5,1,2,2020,7,46,3087369.0,1633194.0,1543847.0,2611447.4285714286,838335.5544390439,2524539.066666667,796403.6338096637,-0.5001928826777752,-1.2323525722400563,NYC,-1,False,True
2020-02-29,Manhattan,mta_station_daily,ridership,1577710.0,5,1,2,2020,9,60,3062019.0,1604252.0,1543089.0,2613166.8571428573,828584.6672071657,2536739.5,782962.7223772514,-0.4847484617175791,-1.2248724908488238,NYC,-1,False,True
2020-02-01,Manhattan,mta_station_daily,ridership,1543847.0,5,1,2,2020,5,32,3016991.0,1438101.0,1430615.0,2599462.714285714,817991.9876626167,2486229.3333333335,770339.6293188203,-0.48828253050804593,-1.2233335758237487,NYC,-1,False,True
2020-07-06,Ile-de-France,idfm_station_daily,validations,3262890.0,0,0,7,2020,28,188,1372967.0,2868135.0,2795910.0,2826122.5714285714,764535.028322609,2391554.6333333333,712520.3865144366,1.3765247088968633,1.2228918402308933,Paris,-1,False,True
2024-09-26,Ile-de-France,idfm_station_daily,validations,717603.0,3,0,9,2024,39,270,702709.0,727339.0,745544.0,731761.0,33090.50124129279,775772.5,48038.45154434328,0.02119511775144467,-1.2108945673718263,Paris,-1,False,True
2020-05-16,Ile-de-France,idfm_station_daily,validations,729708.0,5,1,5,2020,20,137,1064127.0,189765.0,144736.0,825709.8571428572,333394.17626295006,350680.63333333336,313773.8253153777,-0.31426606034805993,1.2079636224777572,Paris,-1,False,True
2020-04-30,Ile-de-France,idfm_station_daily,validations,256207.0,3,0,4,2020,18,121,248713.0,234523.0,218070.0,205986.85714285713,66364.86995667682,186615.1,57636.047050987894,0.030131114979916607,1.2074370738582283,Paris,-1,False,True
2020-02-22,Manhattan,mta_station_daily,ridership,1604252.0,5,1,2,2020,8,53,2963107.0,1543089.0,1633194.0,2377729.8571428573,794803.7559400909,2529344.433333333,784778.6214346094,-0.4585912692319245,-1.1787941313210393,NYC,-1,False,True
2024-07-11,Ile-de-France,idfm_station_daily,validations,781422.0,3,0,7,2024,28,193,796645.0,763209.0,6404787.0,787926.0,9910.440340215582,3733333.5,2521327.375823185,-0.01910888789862486,-1.1707767616001212,Paris,-1,False,True
2019-09-20,Ile-de-France,idfm_station_daily,validations,6548841.0,4,0,9,2019,38,263,6552832.0,1894964.0,6121114.0,5466889.857142857,1715191.865323185,4668658.8,1607518.788613562,-0.000609049644489601,1.1696175580141135,Paris,-1,False,True
2019-12-11,Ile-de-France,idfm_station_daily,validations,1903029.0,2,0,12,2019,50,345,1670524.0,6517198.0,6787344.0,1214612.4285714286,573301.4026137666,4766777.233333333,2463022.2739096815,0.13918087977185611,-1.1626968475553243,Paris,-1,False,True
2020-03-26,Ile-de-France,idfm_station_daily,validations,258113.0,3,0,3,2020,13,86,275915.0,356759.0,5795402.0,256093.14285714287,75336.44616453165,3204842.3,2540698.346057839,-0.0645198702498958,-1.1598107680009162,Paris,-1,False,True
2024-08-09,Ile-de-France,idfm_station_daily,validations,898001.0,4,0,8,2024,32,222,890163.0,906384.0,825886.0,892585.0,4543.4157940062405,848516.3333333334,42803.27069913209,0.008805128948293772,1.1560954538847896,Paris,-1,False,True
2020-02-08,Manhattan,mta_station_daily,ridership,1633194.0,5,1,2,2020,6,39,3088146.0,1543847.0,1438101.0,2617848.285714286,829857.7083168565,2512520.7666666666,783073.4612512278,-0.4711409369893781,-1.1229173381276913,NYC,-1,False,True
2024-08-07,Ile-de-France,idfm_station_daily,validations,890166.0,2,0,8,2024,32,220,897772.0,888077.0,838606.0,895164.7142857143,6893.119176552602,841586.1333333333,43315.422972993445,-0.008472084226284649,1.1215373955128074,Paris,-1,False,True
2021-01-11,Ile-de-France,idfm_station_daily,validations,3342132.0,0,0,1,2021,2,11,1324214.0,3003153.0,2115686.0,2862259.285714286,794442.232313888,2317177.6666666665,914379.2153271306,1.5238609469466415,1.1209291682845648,Paris,-1,False,True
2024-08-24,Ile-de-France,idfm_station_daily,validations,821600.0,5,1,8,2024,34,237,853492.0,792488.0,862098.0,833758.2857142857,24940.421888535115,859159.5333333333,33769.93827435304,-0.03736648966832734,-1.1122180037225102,Paris,-1,False,True
2020-06-29,Ile-de-France,idfm_station_daily,validations,2868135.0,0,0,6,2020,27,181,1252267.0,2795910.0,2439948.0,2579538.285714286,695860.7472752943,2105785.8333333335,688026.5568807276,1.2903542135982184,1.108022879411649,Paris,-1,False,True
2016-01-08,Ile-de-France,idfm_station_daily,validations,5874153.0,4,0,1,2016,1,8,5744762.0,938482.0,1287415.0,4536306.571428572,1805813.5102855905,4021889.566666667,1686517.4703193754,0.022523300356046105,1.0982770507456234,Paris,-1,False,True
2020-12-07,Ile-de-France,idfm_station_daily,validations,3040985.0,0,0,12,2020,50,342,1118195.0,2779667.0,2535744.0,2587104.5714285714,761148.0098066194,2108546.933333333,853017.8048411204,1.7195480215883632,1.093105045844077,Paris,-1,False,True
2020-03-27,Ile-de-France,idfm_station_daily,validations,258877.0,4,0,3,2020,13,87,258113.0,347788.0,5251465.0,243391.57142857142,63932.222367471884,3010531.2,2535482.6285594464,0.0029599439005396633,-1.0852585495974678,Paris,-1,False,True
2021-05-17,Ile-de-France,idfm_station_daily,validations,3378937.0,0,0,5,2021,20,137,1276470.0,3346095.0,3189545.0,2467236.1428571427,970275.3897772687,2483132.7,825587.7580667118,1.6470947221634664,1.085050367144148,Paris,-1,False,True
2020-04-29,Ile-de-France,idfm_station_daily,validations,248713.0,2,0,4,2020,18,120,243901.0,234318.0,221844.0,202889.14285714287,64097.391587852755,186539.73333333334,57543.31226770324,0.019729316402966823,1.0804603387692375,Paris,-1,False,True
2024-08-15,Ile-de-France,idfm_station_daily,validations,814540.0,3,0,8,2024,33,228,841471.0,890163.0,899838.0,845505.0,27374.342051285876,854839.7,37538.76931616124,-0.03200466801589119,-1.0735487799449535,Paris,-1,False,True
2015-01-07,Ile-de-France,idfm_station_daily,validations,5216996.0,2,0,1,2015,2,7,5219748.0,,,3272387.0,1821476.5585939703,3272387.0,1821476.5585939703,-0.0005272285175452751,1.0676003437019677,Paris,-1,False,True
2024-09-23,Ile-de-France,idfm_station_daily,validations,736490.0,0,0,9,2024,39,267,799800.0,752634.0,784116.0,737426.2857142857,29866.605129672822,788729.1,49082.37263528891,-0.07915728932233057,-1.064314889342604,Paris,-1,False,True
2019-12-22,Ile-de-France,idfm_station_daily,validations,559140.0,6,1,12,2019,51,356,954895.0,597135.0,447401.0,1658947.142857143,650358.4540055143,3088736.466666667,2392733.6419449355,-0.41444870902036346,-1.0571993565529016,Paris,-1,False,True
2020-03-28,Ile-de-France,idfm_station_daily,validations,154569.0,5,1,3,2020,13,88,258877.0,193821.0,2397351.0,237784.14285714287,70398.95737651842,2809094.533333333,2513500.536368256,-0.40292494118828637,-1.0561070089003615,Paris,-1,False,True
2023-12-26,Ile-de-France,idfm_station_daily,validations,3684635.0,1,0,12,2023,52,360,1660780.0,6667258.0,6686020.0,4202741.142857143,1942367.7986206554,5354615.2,1581754.1945788404,1.2186171557942655,-1.055777317185905,Paris,-1,False,True
2024-08-08,Ile-de-France,idfm_station_daily,validations,890163.0,3,0,8,2024,32,221,890166.0,899838.0,835336.0,893782.5714285715,6768.750083756373,845137.8,42762.75686085794,-3.3701579256195657e-06,1.0529068588001373,Paris,-1,False,True
2019-01-21,Ile-de-France,idfm_station_daily,validations,5941224.0,0,0,1,2019,4,21,2022992.0,6015719.0,5715950.0,5194320.0,1728173.1039720378,4068092.4,1791183.9033735774,1.9368499727136834,1.0457505767398196,Paris,-1,False,True
2024-09-03,Ile-de-France,idfm_station_daily,validations,815270.0,1,0,9,2024,36,247,836568.0,860429.0,853530.0,838930.2857142857,15034.83973903483,846136.3,29784.15445616085,-0.025458779202647053,-1.0363329281491607,Paris,-1,False,True
2019-12-25,Ile-de-France,idfm_station_daily,validations,341569.0,2,0,12,2019,52,359,1127384.0,2067872.0,1903029.0,1252204.2857142857,713046.7335249012,2750999.9,2376413.0803522645,-0.6970251484853431,-1.0138939731988181,Paris,-1,False,True
2020-03-29,Ile-de-France,idfm_station_daily,validations,96353.0,6,1,3,2020,13,89,154569.0,122685.0,1037495.0,234022.42857142858,77880.2298629779,2606330.1,2477347.2818048554,-0.3766343833498308,-1.0131712733353122,Paris,-1,False,True
2020-11-30,Ile-de-France,idfm_station_daily,validations,2779667.0,0,0,11,2020,49,335,910685.0,2535744.0,2498216.0,2246767.4285714286,686385.2421164318,1950065.8666666667,824337.9675947013,2.0522815243470576,1.0063847183382675,Paris,-1,False,True
2020-05-10,Ile-de-France,idfm_station_daily,validations,118816.0,6,1,5,2020,19,131,189765.0,89512.0,86024.0,246354.7142857143,86932.73807450032,194493.53333333333,75363.01859780132,-0.37387821779569463,-1.0041733298557283,Paris,-1,False,True
2021-01-02,Ile-de-France,idfm_station_daily,validations,1448366.0,5,1,1,2021,53,2,747621.0,1514397.0,2122823.0,1641461.7142857143,618982.4350740232,2312057.433333333,869854.7495636789,0.9372997815738189,-0.9929145455221837,Paris,-1,False,True
2017-01-09,Ile-de-France,idfm_station_daily,validations,5656856.0,0,0,1,2017,2,9,1887831.0,3674170.0,3116499.0,4701482.571428572,1558779.7851615534,3794406.7333333334,1877597.294324268,1.9964843251329172,0.9919322275850142,Paris,-1,False,True
2020-04-28,Ile-de-France,idfm_station_daily,validations,243901.0,1,0,4,2020,18,119,237531.0,233012.0,224167.0,200832.7142857143,62595.525051410164,186750.43333333332,57789.85964590647,0.026817552235287145,0.9889376270654245,Paris,-1,False,True
2020-01-11,Manhattan,mta_station_daily,ridership,1630367.0,5,1,1,2020,2,11,3027085.0,1526177.0,,2556953.5714285714,779672.1896085256,2393408.727272727,776774.1172145337,-0.4614069310904715,-0.9823212570585511,NYC,-1,False,True
2019-11-14,Ile-de-France,idfm_station_daily,validations,6892188.0,3,0,11,2019,46,318,6711821.0,6876839.0,5788705.0,5115169.714285715,2092111.1278515423,5174585.566666666,1750549.9422001243,0.026873034903642345,0.9811787666992342,Paris,-1,False,True
2020-04-18,Ile-de-France,idfm_station_daily,validations,131665.0,5,1,4,2020,16,109,221639.0,125234.0,119841.0,171944.2857142857,63585.50403297566,198713.7,68377.47348910186,-0.4059484116062606,-0.9805670870639345,Paris,-1,False,True
2024-09-27,Ile-de-France,idfm_station_daily,validations,725957.0,4,0,9,2024,39,271,717603.0,729170.0,736172.0,731302.0,33154.65277151865,771819.2,47052.66628007803,0.01164153438600457,-0.974699281163114,Paris,-1,False,True
2020-12-14,Ile-de-France,idfm_station_daily,validations,3143317.0,0,0,12,2020,51,349,1185122.0,3040985.0,2779667.0,2715884.1428571427,800667.9825789875,2337350.8666666667,827350.2840556983,1.6523151202998512,0.9741534497123284,Paris,-1,False,True
2020-01-07,Manhattan,mta_station_daily,ridership,3006322.0,1,0,1,2020,2,7,2886312.0,,,2221993.714285714,812389.5679364087,2221993.714285714,812389.5679364087,0.04157901155523036,0.9654583424878256,NYC,-1,False,True
2020-01-05,Ile-de-France,idfm_station_daily,validations,695585.0,6,1,1,2020,1,5,1069824.0,444614.0,559140.0,1116011.5714285714,527086.1784859385,1270670.4666666666,599036.7277784884,-0.3498136142019622,-0.9600170406902353,Paris,-1,False,True
2020-04-27,Ile-de-France,idfm_station_daily,validations,237531.0,0,0,4,2020,18,118,86024.0,221949.0,107131.0,199277.14285714287,61472.065629029974,181832.16666666666,59023.72308911626,1.7612177996838092,0.9436685864298517,Paris,-1,False,True
2020-02-17,Manhattan,mta_station_daily,ridership,1718477.0,0,0,2,2020,8,48,1298949.0,2993818.0,2957026.0,2437164.285714286,866701.0082628867,2478109.6333333333,811061.5460273284,0.32297495898607265,-0.9365906164015546,NYC,-1,False,True
2019-09-23,Ile-de-France,idfm_station_daily,validations,6253981.0,0,0,9,2019,39,266,2331980.0,6211411.0,6022711.0,5447776.857142857,1760021.0949282665,4717362.733333333,1650760.8401199672,1.681833034588633,0.9308545667675243,Paris,-1,False,True
2024-09-07,Ile-de-France,idfm_station_daily,validations,807937.0,5,1,9,2024,36,251,794312.0,835108.0,821600.0,810246.7142857143,18649.77149931255,833343.9333333333,27373.66815210692,0.017153209318252705,-0.9281523101746891,Paris,-1,False,True
2019-01-07,Ile-de-France,idfm_station_daily,validations,5715950.0,0,0,1,2019,2,7,2022062.0,2022174.0,2991819.0,3600802.285714286,1666447.922660325,4066914.8,1803703.763842717,1.8267926502748186,0.9142494643836625,Paris,-1,False,True
2019-11-15,Ile-de-France,idfm_station_daily,validations,6772193.0,4,0,11,2019,46,319,6892188.0,6746565.0,2658185.0,5118830.857142857,2095461.587616634,5177720.6,1753417.3590328346,-0.017410291187646032,0.9093513257331349,Paris,-1,False,True
2020-01-01,Ile-de-France,idfm_station_daily,validations,256883.0,2,0,1,2020,1,1,1043617.0,341569.0,2067872.0,910419.5714285715,426167.08886449767,1610509.1666666667,1497213.4309940184,-0.7538531856035308,-0.9040969968910696,Paris,-1,False,True
2020-01-30,Manhattan,mta_station_daily,ridership,3169491.0,3,0,1,2020,5,30,3142686.0,3069612.0,3087401.0,2581473.714285714,839681.9628569131,2471996.3666666667,776332.3245000298,0.008529328097048205,0.8984485269018404,NYC,-1,False,True
2017-12-26,Ile-de-France,idfm_station_daily,validations,3491370.0,1,0,12,2017,52,360,1374046.0,6328697.0,6172957.0,4005754.8571428573,2116106.22064422,5058566.866666666,1747786.8309774608,1.5409411329751697,-0.8966750629367092,Paris,-1,False,True
2020-03-30,Ile-de-France,idfm_station_daily,validations,255034.0,0,0,3,2020,14,90,96353.0,307145.0,2033263.0,226578.0,71993.77320915341,2499567.6333333333,2508205.1474335715,1.6468713999564102,-0.8948764161615607,Paris,-1,False,True
2020-01-29,Manhattan,mta_station_daily,ridership,3142686.0,2,0,1,2020,5,29,3112390.0,3053227.0,3061525.0,2567205.285714286,828802.78452189,2447944.827586207,778615.7561633736,0.009733998631276997,0.8922773099752407,NYC,-1,False,True
2023-01-20,Ile-de-France,idfm_station_daily,validations,5841608.0,4,0,1,2023,3,20,1623296.0,6008255.0,5737763.0,4713940.285714285,1920455.398295137,4371910.233333333,1656236.8200968786,2.598609249329759,0.8873717507262635,Paris,-1,False,True
2024-07-15,Ile-de-France,idfm_station_daily,validations,828653.0,0,0,7,2024,29,197,801168.0,796334.0,771710.0,797559.0,15758.951405606776,3071411.7333333334,2530564.424588287,0.034306163002017165,-0.8862681825214632,Paris,-1,False,True
2020-01-08,Manhattan,mta_station_daily,ridership,3035916.0,2,0,1,2020,2,8,3006322.0,1327658.0,,2466030.5714285714,753394.1049651807,2323734.0,805296.8983846889,0.009843922241197012,0.8843719644624682,NYC,-1,False,True
2020-01-28,Manhattan,mta_station_daily,ridership,3112390.0,1,0,1,2020,5,28,2928439.0,2999895.0,3017557.0,2554425.4285714286,819082.8320739521,2423132.6428571427,781140.8214184162,0.0628153770660751,0.8823727274824602,NYC,-1,False,True
2019-11-12,Ile-de-France,idfm_station_daily,validations,6688673.0,1,0,11,2019,46,316,2576271.0,6586546.0,5779772.0,5098389.857142857,2077243.6020457072,5160487.9,1738296.5543922414,1.5962614181504975,0.8791279578496877,Paris,-1,False,True
2018-01-08,Ile-de-France,idfm_station_daily,validations,5775262.0,0,0,1,2018,2,8,1987764.0,928851.0,1374046.0,4164187.285714286,1285024.3422831558,4190017.2666666666,1816792.0992530237,1.9054062755940846,0.872551534094137,Paris,-1,False,True
2015-01-12,Ile-de-France,idfm_station_daily,validations,5100753.0,0,0,1,2015,3,12,44823.0,4887732.0,,4115919.8571428573,1987085.6230991012,3440117.0,1922763.9023920747,112.79767083863196,0.8636713004306112,Paris,-1,False,True
2020-03-31,Ile-de-France,idfm_station_daily,validations,253946.0,1,0,3,2020,14,91,255034.0,287185.0,803177.0,221829.57142857142,68333.23525569332,2443893.3666666667,2539755.9532127175,-0.004266097853619533,-0.8622668504414556,Paris,-1,False,True
2019-12-29,Ile-de-France,idfm_station_daily,validations,444614.0,6,1,12,2019,52,363,795263.0,559140.0,597135.0,955524.4285714285,438720.83502219804,1953107.9333333333,1752561.13804613,-0.44092205974627263,-0.8607368385533763,Paris,-1,False,True
2016-11-14,Ile-de-France,idfm_station_daily,validations,5834676.0,0,0,11,2016,46,319,1923164.0,5826237.0,3944153.0,4533287.857142857,1899602.395626999,4470995.733333333,1608277.2635737727,2.033894145273102,0.8479136636156976,Paris,-1,False,True
2019-11-08,Ile-de-France,idfm_station_daily,validations,6746565.0,4,0,11,2019,45,312,6876839.0,2658185.0,6159419.0,5457097.285714285,1978416.481363548,5316863.266666667,1688989.2998440305,-0.01894387813936027,0.8464835943397385,Paris,-1,False,True
2020-01-09,Manhattan,mta_station_daily,ridership,3080172.0,3,0,1,2020,2,9,3035916.0,2806191.0,,2505170.714285714,780635.7436964897,2407782.6666666665,794366.2965191185,0.014577478428256851,0.8464474591630042,NYC,-1,False,True
2019-11-18,Ile-de-France,idfm_station_daily,validations,6548124.0,0,0,11,2019,47,322,2497350.0,2576271.0,6167507.0,5707481.571428572,1779519.498186043,5047332.033333333,1788084.965679422,1.6220289506877288,0.8393292239870761,Paris,-1,False,True
2020-11-02,Ile-de-France,idfm_station_daily,validations,2288363.0,0,0,11,2020,45,307,477891.0,3704862.0,3928763.0,2533919.1428571427,1535725.0523579295,3383077.433333333,1311794.018452659,3.788462222557027,-0.8345170186281345,Paris,-1,False,True
2020-04-01,Ile-de-France,idfm_station_daily,validations,194417.0,2,0,4,2020,14,92,253946.0,275915.0,388708.0,210187.0,64412.67401858026,2260563.9,2495148.0648168284,-0.23441597820008975,-0.8280658487301747,Paris,-1,False,True
2020-01-22,Manhattan,mta_station_daily,ridership,3053227.0,2,0,1,2020,4,22,2999895.0,3061525.0,3035916.0,2359676.714285714,846853.435395349,2409998.3181818184,778339.6713002305,0.01777795556177808,0.8264112771531438,NYC,-1,False,True
2020-01-23,Manhattan,mta_station_daily,ridership,3069612.0,3,0,1,2020,4,23,3053227.0,3087401.0,3080172.0,2357135.4285714286,844328.6004470963,2438677.1739130435,772782.4216291208,0.0053664532640382845,0.8164456235389879,NYC,-1,False,True
2020-04-25,Ile-de-France,idfm_station_daily,validations,138108.0,5,1,4,2020,17,116,231424.0,131665.0,125234.0,196585.2857142857,61131.13376282386,184828.53333333333,57282.86501365799,-0.4032252488938053,-0.8156109741053231,Paris,-1,False,True
2017-11-13,Ile-de-France,idfm_station_daily,validations,6066736.0,0,0,11,2017,46,317,2095981.0,5819715.0,4921966.0,5215397.285714285,1800422.701804843,4748219.333333333,1618091.9157867038,1.8944613524645502,0.8148589420679568,Paris,-1,False,True
2020-01-20,Manhattan,mta_station_daily,ridership,1706360.0,0,0,1,2020,4,20,1260545.0,2856716.0,2886312.0,2363385.285714286,850232.7334368934,2348342.05,790879.403337927,0.3536684529310734,-0.811731911705499,NYC,-1,False,True
2016-12-15,Ile-de-France,idfm_station_daily,validations,6212748.0,3,0,12,2016,50,350,6077627.0,134360.0,5851551.0,4278193.285714285,2406508.2463623364,4401959.7,2232109.6388378046,0.022232525951329407,0.8112452311898197,Paris,-1,False,True
2020-01-15,Manhattan,mta_station_daily,ridership,3061525.0,2,0,1,2020,3,15,3017557.0,3035916.0,1327658.0,2558907.714285714,779647.7034570838,2433481.7333333334,774278.6120701982,0.014570727247240178,0.811133430364891,NYC,-1,False,True
2021-01-04,Ile-de-France,idfm_station_daily,validations,3003153.0,0,0,1,2021,1,4,1017245.0,2115686.0,2704263.0,1783772.2857142857,778765.3966652422,2277381.5,896141.8082292323,1.9522415937163613,0.809884655905205,Paris,-1,False,True
2020-01-14,Manhattan,mta_station_daily,ridership,3017557.0,1,0,1,2020,3,14,2856716.0,3006322.0,,2555249.285714286,776951.5567351921,2388621.5,783016.3892203367,0.05630276163258796,0.8032213739820213,NYC,-1,False,True
2020-01-16,Manhattan,mta_station_daily,ridership,3087401.0,3,0,1,2020,3,16,3061525.0,3080172.0,2806191.0,2559940.4285714286,780457.6094646562,2474351.6875,765679.9994946294,0.008451996962298258,0.8006599531196191,NYC,-1,False,True
2020-02-06,Manhattan,mta_station_daily,ridership,3174683.0,3,0,2,2020,6,37,3158970.0,3169491.0,3069612.0,2594919.4285714286,841662.2872361689,2559012.3666666667,770348.8636661689,0.00497408965580548,0.799210153180851,NYC,-1,False,True
2024-07-17,Ile-de-France,idfm_station_daily,validations,819891.0,2,0,7,2024,29,199,828178.0,796645.0,757375.0,807246.2857142857,18592.46190376656,2837621.566666667,2534971.5361335063,-0.010006302992834892,-0.7959578787792754,Paris,-1,False,True
2020-01-21,Manhattan,mta_station_daily,ridership,2999895.0,1,0,1,2020,4,21,1706360.0,3017557.0,3006322.0,2360862.1428571427,847991.1189496481,2379368.380952381,783856.5025262261,0.758066879204857,0.7916329290473131,NYC,-1,False,True
2020-02-05,Manhattan,mta_station_daily,ridership,3158970.0,2,0,2,2020,6,36,3104505.0,3142686.0,3053227.0,2594177.714285714,841068.2964234067,2553400.3333333335,766311.6884676183,0.01754385964912286,0.7902393709765995,NYC,-1,False,True
2016-11-07,Ile-de-France,idfm_station_daily,validations,5826237.0,0,0,11,2016,45,312,2107132.0,3944153.0,5054643.0,4368351.142857143,1764857.9111566376,4598501.766666667,1569078.312615044,1.7650080773297545,0.7824563142977713,Paris,-1,False,True
2020-08-24,Ile-de-France,idfm_station_daily,validations,2808672.0,0,0,8,2020,35,237,1319254.0,2161271.0,2439731.0,2295286.0,541251.8362678172,2309123.933333333,642767.3920924558,1.1289850172900744,0.7771832747153605,Paris,-1,False,True
2016-12-13,Ile-de-France,idfm_station_daily,validations,6110430.0,1,0,12,2016,50,348,5772331.0,252137.0,6065307.0,2563702.8571428573,2625719.27707467,4390454.5,2223450.5367108528,0.05857235144692852,0.7735613954985288,Paris,-1,False,True
2020-04-02,Ile-de-France,idfm_station_daily,validations,198381.0,3,0,4,2020,14,93,194417.0,258113.0,356759.0,201653.85714285713,60864.239522890886,2063777.1666666667,2413192.8996316334,0.020389163499076712,-0.7729991941180557,Paris,-1,False,True
2020-02-27,Manhattan,mta_station_daily,ridership,3188306.0,3,0,2,2020,9,58,3131258.0,3080780.0,3170304.0,2602828.285714286,814994.4013473783,2592487.7666666666,771396.886171855,0.018218875608461582,0.7723886938280881,NYC,-1,False,True
2016-05-23,Ile-de-France,idfm_station_daily,validations,5403310.0,0,0,5,2016,21,144,1864363.0,2509087.0,5386394.0,4716350.285714285,1518426.132351278,4253359.266666667,1502407.406962663,1.898207055171123,0.7654053940389761,Paris,-1,False,True
2020-02-13,Manhattan,mta_station_daily,ridership,3170304.0,3,0,2,2020,7,44,3112700.0,3174683.0,3169491.0,2624430.5714285714,819754.9737059356,2575154.6666666665,779960.0167225346,0.01850612008866892,0.7630510802774314,NYC,-1,False,True
2024-08-13,Ile-de-France,idfm_station_daily,validations,826421.0,1,0,8,2024,33,226,835445.0,897772.0,883997.0,863264.7142857143,29726.848021837006,854867.0333333333,37351.72801341406,-0.01080142917846183,-0.7615720837096894,Paris,-1,False,True
2016-12-14,Ile-de-France,idfm_station_daily,validations,6077627.0,2,0,12,2016,50,349,6110430.0,154582.0,6043614.0,3409852.1428571427,2673899.45003669,4398552.866666666,2229326.821109346,-0.0053683619647062475,0.753175405882302,Paris,-1,False,True
2017-04-24,Ile-de-France,idfm_station_daily,validations,5668393.0,0,0,4,2017,17,114,2174961.0,2037666.0,4730204.0,4952050.714285715,1557264.3446614693,4521059.833333333,1526003.6102482504,1.6062044330909844,0.7518548180105673,Paris,-1,False,True
2024-07-18,Ile-de-France,idfm_station_daily,validations,804967.0,3,0,7,2024,29,200,819891.0,781422.0,763209.0,810609.8571428572,14906.284800311414,2650254.433333333,2467432.756769514,-0.01820241958992108,-0.7478572326928477,Paris,-1,False,True
2017-05-02,Ile-de-France,idfm_station_daily,validations,5606056.0,1,0,5,2017,18,122,1818908.0,5899250.0,5717594.0,4336488.714285715,1917583.9266308332,4478959.8,1518614.5919843817,2.0820998093361514,0.742187126311764,Paris,-1,False,True
2020-04-23,Ile-de-France,idfm_station_daily,validations,234523.0,3,0,4,2020,17,114,234318.0,218070.0,204200.0,194267.0,61364.31521297022,190311.73333333334,59760.99504936283,0.0008748794373458768,0.7398013809868456,Paris,-1,False,True
2020-10-05,Ile-de-France,idfm_station_daily,validations,4463922.0,0,0,10,2020,41,279,1625606.0,4262509.0,4366841.0,3674902.8571428573,1098157.8643862964,3655828.1,1096486.2590248985,1.7460048744898824,0.7369849766458861,Paris,-1,False,True
2020-02-04,Manhattan,mta_station_daily,ridership,3104505.0,1,0,2,2020,6,35,2957026.0,3112390.0,2999895.0,2591851.4285714286,839266.3867678044,2544311.7333333334,760476.5291374166,0.04987409647395724,0.7366345248052235,NYC,-1,False,True
2020-02-11,Manhattan,mta_station_daily,ridership,3129262.0,1,0,2,2020,7,42,2993818.0,3104505.0,3112390.0,2631666.1428571427,824999.8109075397,2561530.3,771654.3222080438,0.04524122708862066,0.7357331951118593,NYC,-1,False,True
2020-04-24,Ile-de-France,idfm_station_daily,validations,231424.0,4,0,4,2020,17,115,234523.0,221639.0,209579.0,195664.85714285713,62197.55263432529,188828.7,58092.149425048956,-0.013214055764253385,0.7332367698832843,Paris,-1,False,True
2018-12-26,Ile-de-France,idfm_station_daily,validations,3587147.0,2,0,12,2018,52,360,1484342.0,6234425.0,5924091.0,3694940.5714285714,1893648.341021539,4902887.033333333,1799347.0307610214,1.4166580208604218,-0.7312319473897428,Paris,-1,False,True
2019-11-25,Ile-de-France,idfm_station_daily,validations,6520539.0,0,0,11,2019,48,329,2631429.0,6548124.0,2576271.0,5801339.0,1761136.0976208004,5175445.3,1844132.6714174803,1.4779460133638413,0.7293909602317835,Paris,-1,False,True
2019-12-16,Ile-de-France,idfm_station_daily,validations,2109805.0,0,0,12,2019,51,350,597135.0,1702052.0,6381609.0,1597825.142857143,574679.9360427578,3990254.7666666666,2596128.816625938,2.533212757584131,-0.7243283748572213,Paris,-1,False,True
2020-01-10,Manhattan,mta_station_daily,ridership,3027085.0,4,0,1,2020,2,10,3080172.0,2768795.0,,2542069.285714286,801011.7780677376,2469712.9,774117.7305257401,-0.017235076482741918,0.7200094740388678,NYC,-1,False,True
2020-04-03,Ile-de-France,idfm_station_daily,validations,203255.0,4,0,4,2020,14,94,198381.0,258877.0,347788.0,193707.85714285713,55547.03275033036,1873498.7333333334,2322684.7077666423,0.02456888512508759,-0.7191004994127429,Paris,-1,False,True
2024-01-08,Ile-de-France,idfm_station_daily,validations,5702398.0,0,0,1,2024,2,8,2463838.0,1316107.0,1660780.0,4410340.714285715,1074108.943029317,4494693.633333334,1687835.9458183686,1.3144370693203045,0.7155342138901394,Paris,-1,False,True
2020-04-04,Ile-de-France,idfm_station_daily,validations,119841.0,5,1,4,2020,14,95,203255.0,154569.0,193821.0,188746.7142857143,60916.6219253391,1675206.3333333333,2203037.078886032,-0.41039088829303094,-0.7060096029431358,Paris,-1,False,True
2016-01-04,Ile-de-France,idfm_station_daily,validations,5112307.0,0,0,1,2016,1,4,1585075.0,3530295.0,4690165.0,2830717.0,1461222.5499107502,3913667.1333333333,1699851.553817118,2.2252776682491366,0.7051438485761004,Paris,-1,False,True
2015-03-24,Ile-de-France,idfm_station_daily,validations,5370529.0,1,0,3,2015,13,83,106469.0,5507588.0,5379630.0,3080068.8571428573,2822924.2619147287,4102415.6666666665,1801758.1111118286,49.44218504916924,0.7038199664608732,Paris,-1,False,True
2019-12-28,Ile-de-France,idfm_station_daily,validations,795263.0,5,1,12,2019,52,362,1254309.0,954895.0,994917.0,971885.2857142857,418145.3559392084,2173007.7333333334,1958529.0667643005,-0.3659752102552083,-0.7034589155265972,Paris,-1,False,True
2020-02-26,Manhattan,mta_station_daily,ridership,3131258.0,2,0,2,2020,9,57,3120625.0,3055280.0,3112700.0,2587467.4285714286,803045.9971367056,2589957.2333333334,769497.1125611257,0.0034073302623673918,0.7034474305758592,NYC,-1,False,True
2020-02-25,Manhattan,mta_station_daily,ridership,3120625.0,1,0,2,2020,9,56,2964838.0,2923264.0,3129262.0,2576613.4285714286,794943.7078921285,2583196.6,765457.7305935457,0.05254486079846532,0.7021006889345426,NYC,-1,False,True
2020-01-24,Manhattan,mta_station_daily,ridership,2996814.0,4,0,1,2020,4,24,3069612.0,2979694.0,3027085.0,2359581.1428571427,846454.6003236929,2461932.875,764334.7667253907,-0.023715700876853485,0.6997995489483884,NYC,-1,False,True
2020-02-12,Manhattan,mta_station_daily,ridership,3112700.0,2,0,2,2020,7,43,3129262.0,3158970.0,3142686.0,2625056.1428571427,820242.4943520116,2570063.1,776431.5050041374,-0.0052926217108059115,0.698885731069231,NYC,-1,False,True
2024-07-19,Ile-de-France,idfm_station_daily,validations,797141.0,4,0,7,2024,29,201,804967.0,790827.0,770248.0,811511.8571428572,13647.572478212182,2467418.2,2391064.0585272713,-0.009722137677693587,-0.6985497498669168,Paris,-1,False,True
2020-05-30,Ile-de-France,idfm_station_daily,validations,1089405.0,5,1,5,2020,22,151,1465776.0,781554.0,729708.0,1230454.857142857,340620.4549344173,762718.7,472821.795559717,-0.2567725218587288,0.6909290203368805,Paris,-1,False,True
2016-12-18,Ile-de-France,idfm_station_daily,validations,2213708.0,6,1,12,2016,50,353,62685.0,2236594.0,2167820.0,3805858.8571428573,2879297.2057842817,3867483.2666666666,2406074.968151976,34.314796203238416,-0.6873332246737411,Paris,-1,False,True
2020-02-07,Manhattan,mta_station_daily,ridership,3088146.0,4,0,2,2020,6,38,3174683.0,3016991.0,2996814.0,2605084.4285714286,848015.0532580692,2560753.3666666667,771521.965960095,-0.027258469585782263,0.6835743589970726,NYC,-1,False,True
2020-04-22,Ile-de-France,idfm_station_daily,validations,234318.0,2,0,4,2020,17,113,233012.0,221844.0,205559.0,191916.57142857142,59862.12041162383,192067.13333333333,61841.64152508792,0.00560486155219464,0.6832106267671814,Paris,-1,False,True
2017-05-15,Ile-de-France,idfm_station_daily,validations,5679553.0,0,0,5,2017,20,135,2097280.0,2232264.0,1818908.0,4991534.571428572,1585628.1765425429,4491286.333333333,1742330.132777988,1.708056625724748,0.6819985743873253,Paris,-1,False,True
2020-04-05,Ile-de-France,idfm_station_daily,validations,76178.0,6,1,4,2020,14,96,119841.0,96353.0,122685.0,185864.57142857142,66259.56374372615,1478125.0666666667,2063926.2604245823,-0.3643410852713178,-0.6792621875833219,Paris,-1,False,True
2016-12-12,Ile-de-France,idfm_station_daily,validations,5772331.0,0,0,12,2016,50,347,2236594.0,5837146.0,5851013.0,1726803.857142857,2207097.4175989316,4250878.966666667,2243096.7140772855,1.5808577685534342,0.67828195894763,Paris,-1,False,True
2020-01-27,Manhattan,mta_station_daily,ridership,2928439.0,0,0,1,2020,5,27,1282395.0,1706360.0,2856716.0,2538354.714285714,807330.0559958351,2397604.592592593,784028.4393658207,1.2835701948307658,0.6770601431713175,NYC,-1,False,True
2024-08-19,Ile-de-France,idfm_station_daily,validations,832491.0,0,0,8,2024,34,232,784268.0,835445.0,894780.0,819984.4285714285,24213.18847291358,856645.4,36070.69070985164,0.06148790974513818,-0.6696406285727976,Paris,-1,False,True
2016-03-29,Ile-de-France,idfm_station_daily,validations,5641350.0,1,0,3,2016,13,89,1949967.0,5886478.0,5926492.0,4239978.857142857,1897333.9302296878,4631413.733333333,1508741.859992071,1.89304895929008,0.6693897037310108,Paris,-1,False,True
2020-02-14,Manhattan,mta_station_daily,ridership,3087369.0,4,0,2,2020,7,45,3170304.0,3088146.0,3016991.0,2624319.5714285714,819681.7680457575,2576016.1333333333,780529.8015311509,-0.02615995185319764,0.6551356087410822,NYC,-1,False,True
2024-07-20,Ile-de-France,idfm_station_daily,validations,781289.0,5,1,7,2024,29,202,797141.0,800585.0,792101.0,808755.2857142857,17599.107419879132,2277415.066666667,2285233.823172718,-0.01988606783492508,-0.6546927721337117,Paris,-1,False,True
2020-01-13,Manhattan,mta_station_daily,ridership,2856716.0,0,0,1,2020,3,13,1238932.0,2886312.0,,2553644.285714286,775848.1883063454,2340241.846153846,792911.4657544105,1.3057891797128494,0.6513642142313556,NYC,-1,False,True
2015-06-01,Ile-de-France,idfm_station_daily,validations,4910150.0,0,0,6,2015,23,152,1842592.0,2272086.0,4993192.0,4395634.142857143,1368600.8652673287,3955610.066666667,1466295.3779240542,1.6648058821486256,0.6509874802202186,Paris,-1,False,True
2020-01-31,Manhattan,mta_station_daily,ridership,3016991.0,4,0,1,2020,5,31,3169491.0,2996814.0,2979694.0,2584356.1428571427,841378.2727308071,2528307.466666667,751330.8908148276,-0.04811498123831237,0.6504238536011075,NYC,-1,False,True
2020-10-12,Ile-de-France,idfm_station_daily,validations,4462255.0,0,0,10,2020,42,286,1654392.0,4463922.0,4262509.0,3898451.5714285714,1189103.0591972624,3732723.8,1121866.1218633722,1.6972174672024525,0.6502836530871257,Paris,-1,False,True
2020-02-20,Manhattan,mta_station_daily,ridership,3080780.0,3,0,2,2020,8,51,3055280.0,3170304.0,3174683.0,2386744.0,821481.1783151209,2581193.7666666666,772416.5498268801,0.008346207221596735,0.6467834401597228,NYC,-1,False,True
2015-12-07,Ile-de-France,idfm_station_daily,validations,5596298.0,0,0,12,2015,50,341,2158441.0,128498.0,5561682.0,4900792.0,1492870.8501648798,4340813.9,1951199.6740543358,1.5927500450556673,0.6434421431566094,Paris,-1,False,True
2020-05-23,Ile-de-France,idfm_station_daily,validations,781554.0,5,1,5,2020,21,144,1088877.0,729708.0,189765.0,935676.4285714285,310506.1578211674,523676.1666666667,404181.4935872973,-0.2822384897467758,0.6380248413764533,Paris,-1,False,True
2015-05-04,Ile-de-France,idfm_station_daily,validations,4856015.0,0,0,5,2015,19,124,1555782.0,4285181.0,4551196.0,3424007.5714285714,1485339.6182845274,3935191.066666667,1446303.04724265,2.1212695609024914,0.6366742676017083,Paris,-1,False,True
2020-01-17,Manhattan,mta_station_daily,ridership,2979694.0,4,0,1,2020,3,17,3087401.0,3027085.0,2768795.0,2553170.285714286,775922.316483146,2504077.705882353,751429.3447458787,-0.03488597691067663,0.6329487894547065,NYC,-1,False,True
2024-09-01,Ile-de-France,idfm_station_daily,validations,830779.0,6,1,9,2024,35,245,835108.0,804888.0,784268.0,851277.0,16830.769275581217,850315.4666666667,30952.910231707767,-0.0051837606632914035,-0.6311673610145313,Paris,-1,False,True
2019-12-23,Ile-de-France,idfm_station_daily,validations,1505423.0,0,0,12,2019,52,357,559140.0,2109805.0,1702052.0,1572606.857142857,619934.2777949191,3007100.4,2403929.5927247168,1.6923900990807312,-0.6246761155337892,Paris,-1,False,True
2020-02-10,Manhattan,mta_station_daily,ridership,2993818.0,0,0,2,2020,7,41,1243590.0,2957026.0,2928439.0,2628129.4285714286,822560.5871634133,2498519.3,800342.5299646504,1.4073995448660734,0.6188584030663429,NYC,-1,False,True
2020-02-19,Manhattan,mta_station_daily,ridership,3055280.0,2,0,2,2020,8,50,2923264.0,3112700.0,3158970.0,2399533.1428571427,834677.9146308327,2578497.6,770751.9549510526,0.0451604781504511,0.6185938250786254,NYC,-1,False,True
2015-04-13,Ile-de-France,idfm_station_daily,validations,5163161.0,0,0,4,2015,16,103,2025778.0,1940192.0,5109997.0,4525849.571428572,1372951.0849082058,3987048.3666666667,1910648.6047169408,1.5487299200603424,0.6155567436261113,Paris,-1,False,True
2020-05-02,Ile-de-France,idfm_station_daily,validations,144736.0,5,1,5,2020,18,123,98758.0,138108.0,131665.0,187981.42857142858,75444.8091886312,181638.3,60133.721824594366,0.46556228356183804,-0.6136706473555932,Paris,-1,False,True
2020-02-28,Manhattan,mta_station_daily,ridership,3062019.0,4,0,2,2020,9,59,3188306.0,2963107.0,3087369.0,2616958.5714285714,823099.118237866,2589798.8666666667,769551.2821855542,-0.03960943522986815,0.6136304938537828,NYC,-1,False,True
2015-03-02,Ile-de-France,idfm_station_daily,validations,4984735.0,0,0,3,2015,10,61,1659961.0,4267288.0,4666637.0,3969608.1428571427,1241510.4814762855,4158925.8333333335,1348026.3915769616,2.0029229602382226,0.6126060823635732,Paris,-1,False,True
2020-03-02,Ile-de-France,idfm_station_daily,validations,5694301.0,0,0,3,2020,10,62,1924174.0,5836747.0,4736674.0,5107805.714285715,1718544.5586810561,4767599.466666667,1516629.7786313884,1.959348270998361,0.6110268612618115,Paris,-1,False,True
2024-07-21,Ile-de-France,idfm_station_daily,validations,788753.0,6,1,7,2024,29,203,781289.0,801168.0,795119.0,806981.7142857143,19056.39495400414,2076358.5333333334,2131947.1487920894,0.009553443092120917,-0.6039575296521117,Paris,-1,False,True
2020-02-03,Manhattan,mta_station_daily,ridership,2957026.0,0,0,2,2020,6,34,1208414.0,2928439.0,1706360.0,2592977.8571428573,840074.0290699443,2481911.6,789186.1717020677,1.447030570648801,0.602030822429773,NYC,-1,False,True
2016-04-04,Ile-de-France,idfm_station_daily,validations,5592488.0,0,0,4,2016,14,95,2141922.0,1949967.0,5652031.0,4720132.0,1447658.7149244419,4629057.466666667,1602297.884175393,1.6109671594016963,0.601280537688005,Paris,-1,False,True
2020-03-03,Manhattan,mta_station_daily,ridership,3039334.0,1,0,3,2020,10,63,2921406.0,3120625.0,2923264.0,2590214.4285714286,827702.0806848032,2583504.7,763121.2458240694,0.040366864448145856,0.5973222505524202,NYC,-1,False,True
2019-12-26,Ile-de-France,idfm_station_daily,validations,1220109.0,3,0,12,2019,52,360,341569.0,2168945.0,1981237.0,1116656.2857142857,589154.424175187,2564267.6333333333,2262869.1334365397,2.57207182150605,-0.5940063494931352,Paris,-1,False,True
2020-04-21,Ile-de-France,idfm_station_daily,validations,233012.0,1,0,4,2020,17,112,221949.0,224167.0,204766.0,190134.57142857142,58561.05350978327,194494.7,64910.61690797351,0.04984478416212723,0.593389831044243,Paris,-1,False,True
2024-08-21,Ile-de-France,idfm_station_daily,validations,839176.0,2,0,8,2024,34,234,853530.0,841471.0,890166.0,823529.2857142857,27142.305428563883,859042.7666666667,33558.49978586276,-0.016817217906810566,-0.5920040166704956,Paris,-1,False,True
2020-04-12,Ile-de-France,idfm_station_daily,validations,79094.0,6,1,4,2020,15,103,125234.0,76178.0,96353.0,176198.85714285713,52329.67746284873,395121.6,534754.9928258312,-0.3684302984812431,-0.5909764363863166,Paris,-1,False,True
2020-03-05,Manhattan,mta_station_daily,ridership,3031061.0,3,0,3,2020,10,65,3031964.0,3188306.0,3080780.0,2553566.0,800019.725215364,2583554.5,762905.7400059218,-0.00029782675519895996,0.5865816398189984,NYC,-1,False,True
2020-03-04,Manhattan,mta_station_daily,ridership,3031964.0,2,0,3,2020,10,64,3039334.0,3131258.0,3055280.0,2576029.5714285714,817674.5963083068,2586002.6333333333,764507.4463697475,-0.0024248733439629078,0.5833316193116336,NYC,-1,False,True
2015-11-16,Ile-de-France,idfm_station_daily,validations,5355810.0,0,0,11,2015,47,320,1456990.0,5572545.0,5444360.0,4087713.8571428573,2073758.6074327654,4433303.033333333,1584702.3185821422,2.6759414958235817,0.5821326540949647,Paris,-1,False,True
2019-11-04,Ile-de-France,idfm_station_daily,validations,6167507.0,0,0,11,2019,45,308,2135642.0,5488023.0,5957798.0,4481241.428571428,1764328.2454019045,5160072.833333333,1734134.17225703,1.8878936638256785,0.5809436102371824,Paris,-1,False,True
2020-04-06,Ile-de-France,idfm_station_daily,validations,204960.0,0,0,4,2020,15,97,76178.0,255034.0,307145.0,178711.14285714287,59949.98399526489,1374352.1666666667,2046411.1628378732,1.6905405760193233,-0.5714355882641907,Paris,-1,False,True
2019-10-14,Ile-de-France,idfm_station_daily,validations,6403983.0,0,0,10,2019,42,287,2547547.0,6388327.0,6258395.0,5691652.571428572,1740545.9263627531,5449569.9,1677448.7537993214,1.5137840440235255,0.5689670684951245,Paris,-1,False,True
2024-09-15,Ile-de-France,idfm_station_daily,validations,790020.0,6,1,9,2024,37,259,736718.0,836322.0,830779.0,758022.5714285715,22409.09798915242,812535.0333333333,39706.90201882461,0.07235061448206781,-0.5670307223328376,Paris,-1,False,True
2020-02-24,Manhattan,mta_station_daily,ridership,2964838.0,0,0,2,2020,9,55,1247412.0,1718477.0,2993818.0,2548419.0,775700.3868021466,2521922.2666666666,793995.9997751632,1.3767913087255854,0.55783118990367,NYC,-1,False,True
2020-04-13,Ile-de-France,idfm_station_daily,validations,107131.0,0,0,4,2020,16,104,79094.0,204960.0,255034.0,162223.2857142857,56282.50206882497,318780.93333333335,380204.2673336699,0.35447695147545955,-0.5566742709586369,Paris,-1,False,True
2015-03-28,Ile-de-France,idfm_station_daily,validations,3132011.0,5,1,3,2015,13,87,5490367.0,62865.0,3114302.0,3551118.1428571427,2521265.7535682647,4149902.066666667,1852310.8624208309,-0.429544327364637,-0.5495249676052538,Paris,-1,False,True
2024-08-31,Ile-de-France,idfm_station_daily,validations,835108.0,5,1,8,2024,35,244,846333.0,821600.0,792488.0,847578.2857142857,23578.43885090146,852835.6333333333,32353.57817553503,-0.013263100930721139,-0.5479342419917713,Paris,-1,False,True
2015-12-01,Ile-de-France,idfm_station_daily,validations,5505167.0,1,0,12,2015,49,335,128498.0,5796799.0,5678749.0,3782233.8571428573,2680075.680819944,4462216.466666667,1927112.1078158536,41.84243334526607,0.5411986822683557,Paris,-1,False,True
2020-04-07,Ile-de-France,idfm_station_daily,validations,204766.0,1,0,4,2020,15,98,204960.0,253946.0,287185.0,171685.42857142858,52020.91039356361,1313210.1666666667,2053257.7222538444,-0.0009465261514441936,-0.5398465836280584,Paris,-1,False,True
2024-07-22,Ile-de-France,idfm_station_daily,validations,832032.0,0,0,7,2024,30,204,788753.0,828653.0,796334.0,807464.4285714285,19727.807067452915,1968137.0,2109081.0956980307,0.054870155802893894,-0.5386729805304095,Paris,-1,False,True
2024-04-02,Ile-de-France,idfm_station_daily,validations,6270876.0,1,0,4,2024,14,93,2524591.0,6628470.0,6531603.0,4919144.285714285,1872085.1034043783,5459356.9,1507014.7268286562,1.4839175929883295,0.5384944722522724,Paris,-1,False,True
2024-08-26,Ile-de-France,idfm_station_daily,validations,877836.0,0,0,8,2024,35,239,804888.0,832491.0,835445.0,843181.8571428572,23930.335961219575,859134.8,34867.44437491114,0.09063124310463078,0.5363513252911761,Paris,-1,False,True
2021-04-26,Ile-de-France,idfm_station_daily,validations,2705718.0,0,0,4,2021,17,116,1220873.0,2549982.0,2719533.0,2324058.285714286,589526.0350110546,2317492.6333333333,727092.1975302525,1.216215773467019,0.533942418836799,Paris,-1,False,True
2015-03-30,Ile-de-France,idfm_station_daily,validations,5109997.0,0,0,3,2015,14,89,1771966.0,106469.0,5199540.0,4515368.571428572,1468209.0961218548,4129989.066666667,1893597.100999211,1.8838008178486496,0.5175377237408125,Paris,-1,False,True
2020-05-21,Ile-de-France,idfm_station_daily,validations,677738.0,3,0,5,2020,21,142,1229345.0,1034047.0,336899.0,924734.1428571428,313407.27330060565,476956.5,391875.27215528954,-0.4486999174357076,0.512360728697461,Paris,-1,False,True
2020-03-02,Manhattan,mta_station_daily,ridership,2921406.0,0,0,3,2020,10,62,1211468.0,2964838.0,1718477.0,2601827.4285714286,835586.3568656159,2522474.033333333,797833.6801288195,1.4114594855167448,0.5000189595935015,NYC,-1,False,True
2020-02-21,Manhattan,mta_station_daily,ridership,2963107.0,4,0,2,2020,8,52,3080780.0,3087369.0,3088146.0,2368992.285714286,804994.9287189562,2578189.7666666666,770690.7804017473,-0.038195846506404174,0.4994444505131915,NYC,-1,False,True
2020-02-18,Manhattan,mta_station_daily,ridership,2923264.0,1,0,2,2020,8,49,1718477.0,3129262.0,3104505.0,2407736.0,842442.4158809509,2533533.6,781253.3785476013,0.7010783385521016,0.49885275469084434,NYC,-1,False,True
2024-07-23,Ile-de-France,idfm_station_daily,validations,849398.0,1,0,7,2024,30,205,832032.0,828178.0,783613.0,810495.8571428572,24495.454296964057,1893389.1333333333,2107619.458502304,0.020871793392561733,-0.49534138106468434,Paris,-1,False,True
2020-04-08,Ile-de-France,idfm_station_daily,validations,205559.0,2,0,4,2020,15,99,204766.0,194417.0,275915.0,173277.14285714287,52993.72656298444,1130277.3666666667,1887305.9986404388,0.0038727132434095424,-0.48996737536616075,Paris,-1,False,True
2019-12-02,Ile-de-France,idfm_station_daily,validations,6381609.0,0,0,12,2019,49,336,2416588.0,6520539.0,6548124.0,5798237.0,1804981.6251354716,5501305.133333334,1831410.0890753139,1.6407517541260654,0.4806699886157857,Paris,-1,False,True
2020-03-12,Manhattan,mta_station_daily,ridership,2128619.0,3,0,3,2020,11,72,2469011.0,3031061.0,3188306.0,2204208.8571428573,650216.0794165339,2483814.466666667,743346.2071314688,-0.13786572842324318,-0.47783315937986165,NYC,-1,False,True
2020-04-20,Ile-de-France,idfm_station_daily,validations,221949.0,0,0,4,2020,17,111,82763.0,107131.0,204960.0,188871.0,57568.709604755044,190817.13333333333,65772.74698981713,1.681741841160905,0.47332471413253385,Paris,-1,False,True
2024-09-30,Ile-de-France,idfm_station_daily,validations,742336.0,0,0,9,2024,40,274,783274.0,736490.0,752634.0,730379.4285714285,27286.299224194736,761382.7,40747.46895857246,-0.052265235409320376,-0.467432713903397,Paris,-1,False,True
2020-05-08,Ile-de-France,idfm_station_daily,validations,164504.0,4,0,5,2020,19,129,336899.0,98758.0,231424.0,235735.7142857143,100009.95307199533,198000.13333333333,74025.02000302506,-0.5117112250258979,-0.4524974573727167,Paris,-1,False,True
2020-04-09,Ile-de-France,idfm_station_daily,validations,204200.0,3,0,4,2020,15,100,205559.0,198381.0,258113.0,174108.42857142858,53496.405687752296,941331.3333333334,1667053.4761252312,-0.006611240568401233,-0.4421761772433742,Paris,-1,False,True
2024-09-29,Ile-de-France,idfm_station_daily,validations,783274.0,6,1,9,2024,39,273,706634.0,799800.0,790020.0,729544.2857142857,26946.706631880203,764475.1,42724.49249744617,0.10845784380598733,0.44000288595876746,Paris,-1,False,True
2016-12-19,Ile-de-France,idfm_station_daily,validations,4962855.0,0,0,12,2016,51,354,2213708.0,5772331.0,5837146.0,3690219.4285714286,2802383.938699749,3915210.966666667,2413360.814545297,1.24187426706684,0.4341017004250649,Paris,-1,False,True
2020-04-11,Ile-de-France,idfm_station_daily,validations,125234.0,5,1,4,2020,15,102,209579.0,119841.0,154569.0,175782.2857142857,53235.28704528922,567533.9666666667,1031994.0727173081,-0.40244967291570244,-0.4285877006076807,Paris,-1,False,True
2020-06-07,Ile-de-France,idfm_station_daily,validations,892769.0,6,1,6,2020,23,159,1524149.0,676880.0,514324.0,1632240.4285714286,508993.6108988835,1107840.5333333334,502388.7405468023,-0.41425083768056803,-0.42809783734254986,Paris,-1,False,True
2020-03-06,Manhattan,mta_station_daily,ridership,2898784.0,4,0,3,2020,10,66,3031061.0,3062019.0,2963107.0,2530246.714285714,784966.4382542552,2574881.6333333333,757599.2015942015,-0.04364049420318494,0.42753789336774,NYC,-1,False,True
2017-12-04,Ile-de-France,idfm_station_daily,validations,5900087.0,0,0,12,2017,49,338,2107841.0,6040126.0,6035304.0,5224466.571428572,1721712.7469062984,5186150.9,1678268.874815457,1.799113880031748,0.4254003102324735,Paris,-1,False,True
2020-11-23,Ile-de-France,idfm_station_daily,validations,2535744.0,0,0,11,2020,48,328,569061.0,2498216.0,2436522.0,2035642.4285714286,842119.1329797457,2099834.3,1068185.9655747246,3.456014381586508,0.4080840921416377,Paris,-1,False,True
2024-01-02,Ile-de-France,idfm_station_daily,validations,4096936.0,1,0,1,2024,1,2,1316107.0,3684635.0,6667258.0,3254367.4285714286,1268073.2103127432,4814626.766666667,1777185.886128961,2.1129201501093755,-0.4038355088616698,Paris,-1,False,True
2020-06-01,Ile-de-France,idfm_station_daily,validations,982701.0,0,0,6,2020,23,153,676880.0,1296391.0,1137442.0,1208864.2857142857,300972.5383926093,809921.6,441370.26888324495,0.451809774258362,0.3914613470389985,Paris,-1,False,True
2020-04-10,Ile-de-France,idfm_station_daily,validations,209579.0,4,0,4,2020,15,101,204200.0,203255.0,258877.0,175011.85714285713,54120.418294445444,756539.5666666667,1401337.0785774097,0.026341821743388838,-0.3903133478933724,Paris,-1,False,True
2020-12-28,Ile-de-France,idfm_station_daily,validations,2115686.0,0,0,12,2020,53,363,908538.0,2704263.0,3143317.0,1853582.7142857143,798414.6341128196,2449198.1,859027.6163190204,1.3286708976399444,-0.38824374637583525,Paris,-1,False,True
2020-01-04,Ile-de-France,idfm_station_daily,validations,1069824.0,5,1,1,2020,1,4,1788570.0,795263.0,954895.0,1080158.5714285714,567441.2114923536,1290870.9666666666,589110.860466057,-0.4018551133028061,-0.3752213403293771,Paris,-1,False,True
2024-08-14,Ile-de-France,idfm_station_daily,validations,841471.0,2,0,8,2024,33,227,826421.0,890166.0,888077.0,856308.2857142857,28031.697771979565,855294.3,37114.0820209086,0.018211057076235937,-0.37245431510908844,Paris,-1,False,True
2024-08-28,Ile-de-France,idfm_station_daily,validations,844556.0,2,0,8,2024,35,241,860429.0,839176.0,841471.0,844936.0,24463.060616790444,857054.7333333333,34122.05295949875,-0.01844777430793243,-0.36629488114823217,Paris,-1,False,True
2020-11-09,Ile-de-France,idfm_station_daily,validations,2436522.0,0,0,11,2020,46,314,502146.0,2288363.0,3704862.0,1932530.5714285714,838396.4228457531,2925266.5,1340542.9780373443,3.852218279145906,-0.36458696812209535,Paris,-1,False,True
2019-09-14,Ile-de-France,idfm_station_daily,validations,3610041.0,5,1,9,2019,37,257,1894964.0,3419093.0,2924148.0,4656058.285714285,1979475.9012086801,4126056.2333333334,1502910.378121017,0.9050710198188461,-0.34334398168071134,Paris,-1,False,True
2016-12-10,Ile-de-France,idfm_station_daily,validations,3414346.0,5,1,12,2016,49,345,123277.0,3449275.0,3499903.0,1726238.2857142857,2224518.8147025495,4173266.8333333335,2223461.8439089013,26.69653706693057,-0.34132397432965694,Paris,-1,False,True
2018-01-02,Ile-de-France,idfm_station_daily,validations,3946328.0,1,0,1,2018,1,2,928851.0,3491370.0,6328697.0,2920458.4285714286,1358177.6257459768,4516297.0,1899192.295576581,3.248612533118875,-0.3001112637869887,Paris,-1,False,True
2019-12-30,Ile-de-France,idfm_station_daily,validations,1358142.0,0,0,12,2019,1,364,444614.0,1505423.0,2109805.0,934484.2857142857,410582.8140540307,1860432.4,1705906.889778231,2.054654149441988,-0.2944418613991869,Paris,-1,False,True
2019-10-21,Ile-de-France,idfm_station_daily,validations,5957798.0,0,0,10,2019,43,294,2270792.0,6403983.0,6388327.0,5497568.714285715,1822446.2281002763,5459792.433333334,1697279.838385696,1.623665223411039,0.2934139411803334,Paris,-1,False,True
2023-01-02,Ile-de-France,idfm_station_daily,validations,3953745.0,0,0,1,2023,1,2,1180065.0,3281830.0,4978796.0,3232989.5714285714,1189816.2245374625,4394139.233333333,1605941.4585575005,2.350446797422176,-0.27422807412227046,Paris,-1,False,True
2017-01-02,Ile-de-France,idfm_station_daily,validations,3674170.0,0,0,1,2017,1,2,911277.0,3116499.0,4962855.0,3016178.4285714286,1276466.916983096,3100183.066666667,2093267.1847919454,3.031891510484737,0.2742062444314212,Paris,-1,False,True
2021-03-22,Ile-de-France,idfm_station_daily,validations,3107086.0,0,0,3,2021,12,81,1027402.0,3486351.0,3481740.0,2917565.5714285714,1131876.9507630186,2871677.8333333335,881236.4981701883,2.0242164216149083,0.2671339273344571,Paris,-1,False,True
2024-08-10,Ile-de-France,idfm_station_daily,validations,862098.0,5,1,8,2024,32,223,898001.0,891723.0,857580.0,888352.8571428572,12431.094449798231,851205.5333333333,40936.17306817212,-0.03998102452001728,0.26608414637409206,Paris,-1,False,True
2024-07-27,Ile-de-France,idfm_station_daily,validations,857580.0,5,1,7,2024,30,209,825886.0,781289.0,800585.0,832513.0,22051.59775178623,1169389.7333333334,1186273.3978340137,0.03837575646033464,-0.2628481207642849,Paris,-1,False,True
2020-05-31,Ile-de-France,idfm_station_daily,validations,676880.0,6,1,5,2020,22,152,1089405.0,514324.0,423820.0,1253677.142857143,284593.44158242666,781989.4333333333,456320.99624134717,-0.3786700079401141,-0.2303409972346335,Paris,-1,False,True
2024-08-29,Ile-de-France,idfm_station_daily,validations,863898.0,3,0,8,2024,35,242,844556.0,851751.0,814540.0,846671.2857142857,25438.431266733143,856384.7666666667,33770.319223090744,0.022901974528628077,0.22248037644240098,Paris,-1,False,True
2020-03-09,Manhattan,mta_station_daily,ridership,2663323.0,0,0,3,2020,11,69,1146045.0,2921406.0,2964838.0,2474467.0,800918.8541423322,2489018.4,789922.3582769604,1.3239253257943622,0.22066042082946827,NYC,-1,False,True
2020-05-17,Ile-de-France,idfm_station_daily,validations,423820.0,6,1,5,2020,20,138,729708.0,118816.0,89512.0,869281.8571428572,229287.64987685726,357420.0,313077.1328376429,-0.41919233446803383,0.21208830998983896,Paris,-1,False,True
2020-04-17,Ile-de-France,idfm_station_daily,validations,221639.0,4,0,4,2020,16,108,218070.0,209579.0,203255.0,171025.57142857142,64306.84206864635,206216.83333333334,72962.61818684237,0.016366304397670506,0.21137079575699486,Paris,-1,False,True
2024-09-08,Ile-de-France,idfm_station_daily,validations,836322.0,6,1,9,2024,36,252,807937.0,830779.0,804888.0,811038.5714285715,19751.96347263334,831287.9666666667,24517.225596856846,0.03513268980130868,0.20532638627670408,Paris,-1,False,True
2020-11-12,Ile-de-France,idfm_station_daily,validations,2492035.0,3,0,11,2020,46,317,775634.0,2456871.0,4316901.0,1728206.7142857143,935000.8533711793,2759273.1,1303438.1916021192,2.212900672224271,-0.2050255253542362,Paris,-1,False,True
2024-08-16,Ile-de-France,idfm_station_daily,validations,848212.0,4,0,8,2024,33,229,814540.0,898001.0,906384.0,838392.2857142857,15239.698804277354,855783.7333333333,36981.540436647294,0.041338669678591566,-0.20474358947552063,Paris,-1,False,True
2020-04-14,Ile-de-France,idfm_station_daily,validations,224167.0,1,0,4,2020,16,105,107131.0,204766.0,253946.0,164994.85714285713,59132.182690129026,291670.0,355375.2299419934,1.0924568985634409,-0.18994852289231937,Paris,-1,False,True
2024-09-22,Ile-de-France,idfm_station_daily,validations,799800.0,6,1,9,2024,38,266,702412.0,790020.0,836322.0,739732.5714285715,30400.794611647394,791566.1,48413.95325721851,0.13864797298451625,0.17007287044406666,Paris,-1,False,True
2020-01-02,Ile-de-France,idfm_station_daily,validations,1599460.0,3,0,1,2020,1,2,256883.0,1220109.0,2168945.0,964612.5714285715,491260.5091465303,1436010.2,1126561.4552083937,5.226414359844754,0.1450873356658246,Paris,-1,False,True
2019-01-02,Ile-de-France,idfm_station_daily,validations,4052376.0,2,0,1,2019,1,2,1015830.0,3587147.0,6234425.0,2710671.714285714,1120856.947903511,4320345.233333333,1911911.3951323007,2.9892265438114647,-0.14015776777918645,Paris,-1,False,True
2020-05-09,Ile-de-France,idfm_station_daily,validations,189765.0,5,1,5,2020,19,130,164504.0,144736.0,138108.0,242168.42857142858,94476.31463411263,197518.96666666667,74030.24485384804,0.1535585760832563,-0.10474052438938582,Paris,-1,False,True
2020-03-10,Manhattan,mta_station_daily,ridership,2612922.0,1,0,3,2020,11,70,2663323.0,3039334.0,3120625.0,2413551.0,766262.1191502723,2534662.8,754231.7510872218,-0.018924103460226216,0.10376015049378376,NYC,-1,False,True
2020-04-16,Ile-de-France,idfm_station_daily,validations,218070.0,3,0,4,2020,16,107,221844.0,204200.0,198381.0,169302.7142857143,62870.35558295729,211785.8,80197.50338411645,-0.01701195434629743,0.07835904778607648,Paris,-1,False,True
2020-04-15,Ile-de-France,idfm_station_daily,validations,221844.0,2,0,4,2020,16,106,224167.0,205559.0,194417.0,167321.2857142857,61275.57921222858,231289.36666666667,134524.69761815923,-0.010362809869427725,-0.07021288160391788,Paris,-1,False,True
2020-03-11,Manhattan,mta_station_daily,ridership,2469011.0,2,0,3,2020,11,71,2612922.0,3031964.0,3131258.0,2333129.1428571427,718599.7099399698,2517169.2333333334,749284.8639043667,-0.055076653646760176,-0.06427226233076551,NYC,-1,False,True
2020-11-16,Ile-de-France,idfm_station_daily,validations,2498216.0,0,0,11,2020,47,321,524520.0,2436522.0,2288363.0,1747305.5714285714,928090.1151503995,2428475.6333333333,1229970.6656440578,3.7628612826965604,0.05670083735708289,Paris,-1,False,True
2015-01-05,Ile-de-France,idfm_station_daily,validations,4887732.0,0,0,1,2015,2,5,1596997.0,,,2493993.0,1525078.3584509683,,,2.060576820119261,,Paris,-1,False,True
2020-01-06,Manhattan,mta_station_daily,ridership,2886312.0,0,0,1,2020,2,6,1232501.0,,,2091272.3333333333,805252.9446268835,,,1.3418333940499845,,NYC,-1,False,True
2015-01-02,Ile-de-France,idfm_station_daily,validations,2840481.0,4,0,1,2015,1,2,883152.0,,,,,,,2.216299119517365,,Paris,-1,False,True
2020-01-03,Manhattan,mta_station_daily,ridership,2768795.0,4,0,1,2020,1,3,2806191.0,,,2300881.3333333335,843043.5087303225,,,-0.013326248997306278,,NYC,-1,False,True
2020-01-04,Manhattan,mta_station_daily,ridership,1526177.0,5,1,1,2020,1,4,2768795.0,,,2107205.25,789845.9382032992,,,-0.44879378935601955,,NYC,-1,False,True
